{"mean":{"confidence_interval":{"confidence_level":0.95,"lower_bound":0.01550160146144769,"upper_bound":0.022924913870936564},"point_estimate":0.01926537433524822,"standard_error":0.0018980151151610305},"median":{"confidence_interval":{"confidence_level":0.95,"lower_bound":0.016698872749748496,"upper_bound":0.01922117498542142},"point_estimate":0.01826850875272834,"standard_error":0.0006156700797279513}}