{"mean":{"confidence_interval":{"confidence_level":0.95,"lower_bound":6.199006429383838,"upper_bound":6.250340486045518},"point_estimate":6.221649937396186,"standard_error":0.013265562098630992},"median":{"confidence_interval":{"confidence_level":0.95,"lower_bound":6.188357368183866,"upper_bound":6.1919588220628246},"point_estimate":6.190415823252968,"standard_error":0.0010166866322244075},"median_abs_dev":{"confidence_interval":{"confidence_level":0.95,"lower_bound":0.006067078740737074,"upper_bound":0.010754020048830863},"point_estimate":0.008490867389892713,"standard_error":0.001212147178250315},"slope":{"confidence_interval":{"confidence_level":0.95,"lower_bound":6.190444955002126,"upper_bound":6.232034111409216},"point_estimate":6.205412477636684,"standard_error":0.011343763906292874},"std_dev":{"confidence_interval":{"confidence_level":0.95,"lower_bound":0.04398709574022867,"upper_bound":0.194256712254504},"point_estimate":0.13360527043320522,"standard_error":0.03725403690260499}}