{"mean":{"confidence_interval":{"confidence_level":0.95,"lower_bound":0.10969367131533156,"upper_bound":0.11781489562954418},"point_estimate":0.11429802061884531,"standard_error":0.0020917974579099394},"median":{"confidence_interval":{"confidence_level":0.95,"lower_bound":0.1157832242413972,"upper_bound":0.11705433353655725},"point_estimate":0.11644705546173983,"standard_error":0.0003290149889252241}}