{"mean":{"confidence_interval":{"confidence_level":0.95,"lower_bound":0.005262389676226348,"upper_bound":0.009930822155782615},"point_estimate":0.007695815286235197,"standard_error":0.0011871317131941202},"median":{"confidence_interval":{"confidence_level":0.95,"lower_bound":0.007702796672921952,"upper_bound":0.008545685309502948},"point_estimate":0.008082946673832136,"standard_error":0.00022494163496056399}}