{"mean":{"confidence_interval":{"confidence_level":0.95,"lower_bound":0.03940339616471074,"upper_bound":0.046151010483270694},"point_estimate":0.04324348051660887,"standard_error":0.0017290806824626526},"median":{"confidence_interval":{"confidence_level":0.95,"lower_bound":0.04356182642289119,"upper_bound":0.046091778422250096},"point_estimate":0.045070216760815685,"standard_error":0.0007022592533979885}}