{"mean":{"confidence_interval":{"confidence_level":0.95,"lower_bound":0.009852119025817053,"upper_bound":0.017525919559449293},"point_estimate":0.013975473399505,"standard_error":0.0019635866944583604},"median":{"confidence_interval":{"confidence_level":0.95,"lower_bound":0.014944585450892056,"upper_bound":0.01645691196297916},"point_estimate":0.015662437827286046,"standard_error":0.000381846883321331}}