{"mean":{"confidence_interval":{"confidence_level":0.95,"lower_bound":154.84766708943542,"upper_bound":155.6141314207239},"point_estimate":155.16260583765145,"standard_error":0.20071379761442154},"median":{"confidence_interval":{"confidence_level":0.95,"lower_bound":154.8847993856303,"upper_bound":155.08915706726668},"point_estimate":154.98885506607303,"standard_error":0.053057243760759216},"median_abs_dev":{"confidence_interval":{"confidence_level":0.95,"lower_bound":0.29365204946204465,"upper_bound":0.5418160480159327},"point_estimate":0.42474220873700924,"standard_error":0.06614572798146387},"slope":{"confidence_interval":{"confidence_level":0.95,"lower_bound":154.87249859211727,"upper_bound":155.0371238050027},"point_estimate":154.95780124800058,"standard_error":0.04211137704731485},"std_dev":{"confidence_interval":{"confidence_level":0.95,"lower_bound":0.6011532569784638,"upper_bound":3.26092880296459},"point_estimate":2.0243299476071672,"standard_error":0.7938091908150346}}