{"mean":{"confidence_interval":{"confidence_level":0.95,"lower_bound":0.03868045225721472,"upper_bound":0.04523955849949504},"point_estimate":0.04239782317650076,"standard_error":0.0016823947591749655},"median":{"confidence_interval":{"confidence_level":0.95,"lower_bound":0.04311356616324824,"upper_bound":0.04454847384797267},"point_estimate":0.043820967786765586,"standard_error":0.0003589156372223052}}