{"mean":{"confidence_interval":{"confidence_level":0.95,"lower_bound":434.15753219807317,"upper_bound":441.9320565536402},"point_estimate":438.0337474546344,"standard_error":1.983535537996252},"median":{"confidence_interval":{"confidence_level":0.95,"lower_bound":434.02066984586907,"upper_bound":443.17300290363966},"point_estimate":437.6891547046911,"standard_error":2.3221904129153},"median_abs_dev":{"confidence_interval":{"confidence_level":0.95,"lower_bound":13.704720952785935,"upper_bound":23.818882991149774},"point_estimate":17.39550451315925,"standard_error":2.54029038907342},"slope":{"confidence_interval":{"confidence_level":0.95,"lower_bound":438.20903842228995,"upper_bound":448.9832991784095},"point_estimate":443.66482173959207,"standard_error":2.7555672510835123},"std_dev":{"confidence_interval":{"confidence_level":0.95,"lower_bound":17.04465778765113,"upper_bound":22.449494499229345},"point_estimate":19.906022345762942,"standard_error":1.378048188267387}}