{"mean":{"confidence_interval":{"confidence_level":0.95,"lower_bound":-0.9124357742381549,"upper_bound":-0.9109465382841347},"point_estimate":-0.911673944680075,"standard_error":0.00038006541198558173},"median":{"confidence_interval":{"confidence_level":0.95,"lower_bound":-0.9125504780831925,"upper_bound":-0.9110129450359522},"point_estimate":-0.9115999563620308,"standard_error":0.0004136148829940095}}