{"mean":{"confidence_interval":{"confidence_level":0.95,"lower_bound":120.38272267949216,"upper_bound":120.91725001843395},"point_estimate":120.60655508553162,"standard_error":0.1387792910982088},"median":{"confidence_interval":{"confidence_level":0.95,"lower_bound":120.32834979155378,"upper_bound":120.4656349592507},"point_estimate":120.40663084122966,"standard_error":0.03555470316235028},"median_abs_dev":{"confidence_interval":{"confidence_level":0.95,"lower_bound":0.2562105630535112,"upper_bound":0.4885592570258706},"point_estimate":0.39105848441371627,"standard_error":0.05945666845520208},"slope":{"confidence_interval":{"confidence_level":0.95,"lower_bound":120.37314771793807,"upper_bound":121.02749393660302},"point_estimate":120.60908011174315,"standard_error":0.1800785736692798},"std_dev":{"confidence_interval":{"confidence_level":0.95,"lower_bound":0.48748256844790694,"upper_bound":2.2196181092311877},"point_estimate":1.3995592815159659,"standard_error":0.5012988741413256}}