{"mean":{"confidence_interval":{"confidence_level":0.95,"lower_bound":0.038775622153367224,"upper_bound":0.04452503656567079},"point_estimate":0.04188530234946719,"standard_error":0.0014652912039234344},"median":{"confidence_interval":{"confidence_level":0.95,"lower_bound":0.0417427183423742,"upper_bound":0.04274640206478941},"point_estimate":0.04231391128030482,"standard_error":0.0002609006958641395}}