{"mean":{"confidence_interval":{"confidence_level":0.95,"lower_bound":-0.3022934713315147,"upper_bound":-0.2972375284159663},"point_estimate":-0.2994237037051627,"standard_error":0.0013074495795551335},"median":{"confidence_interval":{"confidence_level":0.95,"lower_bound":-0.29857652394811485,"upper_bound":-0.2978847583218441},"point_estimate":-0.2982185388943791,"standard_error":0.0001824296131076871}}