{"mean":{"confidence_interval":{"confidence_level":0.95,"lower_bound":-0.0008930370966211321,"upper_bound":0.0041913157502010715},"point_estimate":0.0015173687411056402,"standard_error":0.0012779688108378966},"median":{"confidence_interval":{"confidence_level":0.95,"lower_bound":-0.00008521833829829016,"upper_bound":0.000780451321489295},"point_estimate":0.0003315288893992463,"standard_error":0.00022355814828860926}}