{"mean":{"confidence_interval":{"confidence_level":0.95,"lower_bound":459.8410094996566,"upper_bound":461.4130110326349},"point_estimate":460.53977290568366,"standard_error":0.40447943609078235},"median":{"confidence_interval":{"confidence_level":0.95,"lower_bound":459.30966730502047,"upper_bound":459.8400863015559},"point_estimate":459.56415080489035,"standard_error":0.13956173039046224},"median_abs_dev":{"confidence_interval":{"confidence_level":0.95,"lower_bound":0.6408391264091239,"upper_bound":1.1169599072879814},"point_estimate":0.855880999881431,"standard_error":0.11925036871911772},"slope":{"confidence_interval":{"confidence_level":0.95,"lower_bound":459.61994587473157,"upper_bound":460.00085666969755},"point_estimate":459.8004483160406,"standard_error":0.09736787282557809},"std_dev":{"confidence_interval":{"confidence_level":0.95,"lower_bound":1.696301739527534,"upper_bound":5.78055318558034},"point_estimate":4.051962884836781,"standard_error":1.0225910316612712}}