{"mean":{"confidence_interval":{"confidence_level":0.95,"lower_bound":0.05133476125288802,"upper_bound":0.06158490289157084},"point_estimate":0.0566967068489026,"standard_error":0.002588896208961268},"median":{"confidence_interval":{"confidence_level":0.95,"lower_bound":0.057113798785715764,"upper_bound":0.058911820335063814},"point_estimate":0.058109742536753606,"standard_error":0.00046181809502003916}}