{"mean":{"confidence_interval":{"confidence_level":0.95,"lower_bound":0.07353185551410234,"upper_bound":0.08191688493812674},"point_estimate":0.07823806076393347,"standard_error":0.002155220855313858},"median":{"confidence_interval":{"confidence_level":0.95,"lower_bound":0.07916538092827063,"upper_bound":0.08021838496473577},"point_estimate":0.07968158961018079,"standard_error":0.00025450142770690534}}