{"mean":{"confidence_interval":{"confidence_level":0.95,"lower_bound":0.022889347207546984,"upper_bound":0.031880185803138984},"point_estimate":0.027883408150246147,"standard_error":0.0023158053169766582},"median":{"confidence_interval":{"confidence_level":0.95,"lower_bound":0.029875899330118916,"upper_bound":0.03208151352725507},"point_estimate":0.031223569777353077,"standard_error":0.0005411247083087599}}