{"mean":{"confidence_interval":{"confidence_level":0.95,"lower_bound":-0.051269173006237255,"upper_bound":-0.04183572885893413},"point_estimate":-0.04639580600180737,"standard_error":0.0023989297023845084},"median":{"confidence_interval":{"confidence_level":0.95,"lower_bound":-0.050157195969646184,"upper_bound":-0.04863402097612579},"point_estimate":-0.049509366785298936,"standard_error":0.0003782175163540486}}