{"mean":{"confidence_interval":{"confidence_level":0.95,"lower_bound":585.6462090967815,"upper_bound":587.0595993683035},"point_estimate":586.2612574859309,"standard_error":0.36256111919545064},"median":{"confidence_interval":{"confidence_level":0.95,"lower_bound":585.1582680901543,"upper_bound":585.5913837736263},"point_estimate":585.3742980548445,"standard_error":0.12378957312806614},"median_abs_dev":{"confidence_interval":{"confidence_level":0.95,"lower_bound":0.706580280118183,"upper_bound":1.2983158341225258},"point_estimate":0.9930338726354117,"standard_error":0.15608332210826037},"slope":{"confidence_interval":{"confidence_level":0.95,"lower_bound":585.475367830449,"upper_bound":586.2050336778099},"point_estimate":585.8203486916918,"standard_error":0.18712561398917194},"std_dev":{"confidence_interval":{"confidence_level":0.95,"lower_bound":1.5912306490111716,"upper_bound":5.504325557095393},"point_estimate":3.6523871537556047,"standard_error":1.0626199108902787}}