{"mean":{"confidence_interval":{"confidence_level":0.95,"lower_bound":0.11670753752934496,"upper_bound":0.1259548591709415},"point_estimate":0.12215775067839263,"standard_error":0.002401690777476061},"median":{"confidence_interval":{"confidence_level":0.95,"lower_bound":0.12493375466422019,"upper_bound":0.12719805749390467},"point_estimate":0.12576585659794826,"standard_error":0.0005988934070480937}}