{"mean":{"confidence_interval":{"confidence_level":0.95,"lower_bound":-0.011531027680820493,"upper_bound":-0.0016864609366029934},"point_estimate":-0.00618029487710503,"standard_error":0.002507396020319903},"median":{"confidence_interval":{"confidence_level":0.95,"lower_bound":-0.005104559046301471,"upper_bound":0.0012545723563254351},"point_estimate":-0.001712011900770527,"standard_error":0.0016891711856357795}}