{"mean":{"confidence_interval":{"confidence_level":0.95,"lower_bound":-0.05134621647421262,"upper_bound":-0.04108632807835939},"point_estimate":-0.04589340395863062,"standard_error":0.0026317606676687665},"median":{"confidence_interval":{"confidence_level":0.95,"lower_bound":-0.03880410968941343,"upper_bound":-0.03748573789184895},"point_estimate":-0.03818634053686443,"standard_error":0.0003308748792938786}}