{"mean":{"confidence_interval":{"confidence_level":0.95,"lower_bound":-0.036721269409761316,"upper_bound":-0.029376502299444652},"point_estimate":-0.03261713150014234,"standard_error":0.0018836620603419755},"median":{"confidence_interval":{"confidence_level":0.95,"lower_bound":-0.03101102828704949,"upper_bound":-0.030064740271642743},"point_estimate":-0.030631223339927294,"standard_error":0.00023923446269523256}}