{"mean":{"confidence_interval":{"confidence_level":0.95,"lower_bound":0.034372421094157155,"upper_bound":0.04174699938494032},"point_estimate":0.038660424291815154,"standard_error":0.0019180480776671992},"median":{"confidence_interval":{"confidence_level":0.95,"lower_bound":0.03990506734352772,"upper_bound":0.041109143604508125},"point_estimate":0.04066746144840794,"standard_error":0.0003033997607870064}}