{"mean":{"confidence_interval":{"confidence_level":0.95,"lower_bound":-0.054420418398513803,"upper_bound":-0.044695353588167765},"point_estimate":-0.04937622887700599,"standard_error":0.002472303878743388},"median":{"confidence_interval":{"confidence_level":0.95,"lower_bound":-0.048790838346461696,"upper_bound":-0.04661874678590949},"point_estimate":-0.047572252160242745,"standard_error":0.00047397511181072053}}