{"mean":{"confidence_interval":{"confidence_level":0.95,"lower_bound":0.09924966020209605,"upper_bound":0.10806317162196782},"point_estimate":0.10414889106204539,"standard_error":0.002242294345943485},"median":{"confidence_interval":{"confidence_level":0.95,"lower_bound":0.10128690710147525,"upper_bound":0.10309414647091186},"point_estimate":0.10218245797895653,"standard_error":0.00043563854920669316}}