{"mean":{"confidence_interval":{"confidence_level":0.95,"lower_bound":-0.4039385765584853,"upper_bound":-0.3974689722809975},"point_estimate":-0.4004151052629704,"standard_error":0.0016560110811069232},"median":{"confidence_interval":{"confidence_level":0.95,"lower_bound":-0.3994380563619734,"upper_bound":-0.39876006139461995},"point_estimate":-0.3990355752973693,"standard_error":0.00018181569443607282}}