{"mean":{"confidence_interval":{"confidence_level":0.95,"lower_bound":64.7664113772326,"upper_bound":65.09730249232017},"point_estimate":64.90708118474548,"standard_error":0.08598325875565553},"median":{"confidence_interval":{"confidence_level":0.95,"lower_bound":64.68165436236052,"upper_bound":64.75255507118814},"point_estimate":64.72996861649477,"standard_error":0.016360415223922096},"median_abs_dev":{"confidence_interval":{"confidence_level":0.95,"lower_bound":0.1042711371311814,"upper_bound":0.19239316684639815},"point_estimate":0.14396415951593236,"standard_error":0.02246710586978299},"slope":{"confidence_interval":{"confidence_level":0.95,"lower_bound":64.67844661726566,"upper_bound":64.73709379328926},"point_estimate":64.70749707469122,"standard_error":0.014942707810362001},"std_dev":{"confidence_interval":{"confidence_level":0.95,"lower_bound":0.2922882987761192,"upper_bound":1.3460719038826587},"point_estimate":0.8646359224656281,"standard_error":0.28897443207111784}}