{"mean":{"confidence_interval":{"confidence_level":0.95,"lower_bound":86.92782569123106,"upper_bound":87.21790101026221},"point_estimate":87.0568793295512,"standard_error":0.07470884243126258},"median":{"confidence_interval":{"confidence_level":0.95,"lower_bound":86.84871803321909,"upper_bound":86.94317689041793},"point_estimate":86.87906954309052,"standard_error":0.023414821112782123},"median_abs_dev":{"confidence_interval":{"confidence_level":0.95,"lower_bound":0.17264487922050503,"upper_bound":0.3121976320126999},"point_estimate":0.2368569386288572,"standard_error":0.032278970921211673},"slope":{"confidence_interval":{"confidence_level":0.95,"lower_bound":86.88109582868277,"upper_bound":87.04605495880526},"point_estimate":86.95975634535723,"standard_error":0.04218209470809943},"std_dev":{"confidence_interval":{"confidence_level":0.95,"lower_bound":0.32762053514494616,"upper_bound":1.0989733969571225},"point_estimate":0.7488744481199633,"standard_error":0.19533129785317505}}