{"mean":{"confidence_interval":{"confidence_level":0.95,"lower_bound":0.48748029153539174,"upper_bound":0.5003081531968052},"point_estimate":0.4938924293200331,"standard_error":0.0032593312233605465},"median":{"confidence_interval":{"confidence_level":0.95,"lower_bound":0.492559095533339,"upper_bound":0.4943570918733011},"point_estimate":0.4931995092438948,"standard_error":0.00046640853958104675}}