{"mean":{"confidence_interval":{"confidence_level":0.95,"lower_bound":0.06908993373374064,"upper_bound":0.07729035928229025},"point_estimate":0.07349544792873508,"standard_error":0.0020953123663370278},"median":{"confidence_interval":{"confidence_level":0.95,"lower_bound":0.07448270651027156,"upper_bound":0.07599547195443801},"point_estimate":0.07538209680757002,"standard_error":0.00039854518060672216}}