{"mean":{"confidence_interval":{"confidence_level":0.95,"lower_bound":7.501923462828879,"upper_bound":7.535830036831793},"point_estimate":7.518306476113146,"standard_error":0.008625155912401853},"median":{"confidence_interval":{"confidence_level":0.95,"lower_bound":7.514602625348088,"upper_bound":7.539369454016597},"point_estimate":7.524574413244979,"standard_error":0.0071552397042189365},"median_abs_dev":{"confidence_interval":{"confidence_level":0.95,"lower_bound":0.03658445736138776,"upper_bound":0.0940706276054707},"point_estimate":0.05729799263195416,"standard_error":0.0164982020276798},"slope":{"confidence_interval":{"confidence_level":0.95,"lower_bound":7.530708633331,"upper_bound":7.553029011795524},"point_estimate":7.5416571588455295,"standard_error":0.005685358804662254},"std_dev":{"confidence_interval":{"confidence_level":0.95,"lower_bound":0.06633305351031553,"upper_bound":0.11052839174926622},"point_estimate":0.086789576047641,"standard_error":0.011848512946581142}}