{"mean":{"confidence_interval":{"confidence_level":0.95,"lower_bound":-0.872967401564654,"upper_bound":-0.8708951736110044},"point_estimate":-0.8719369430918775,"standard_error":0.0005261989529995214},"median":{"confidence_interval":{"confidence_level":0.95,"lower_bound":-0.8728530201896274,"upper_bound":-0.8714454082605245},"point_estimate":-0.8721192736936423,"standard_error":0.0003755531058827941}}