{"mean":{"confidence_interval":{"confidence_level":0.95,"lower_bound":0.06927804614364087,"upper_bound":0.07598545032972791},"point_estimate":0.07290530713017018,"standard_error":0.001710476329270227},"median":{"confidence_interval":{"confidence_level":0.95,"lower_bound":0.07270954712154509,"upper_bound":0.07439561805409656},"point_estimate":0.07350759928450135,"standard_error":0.00044870081595284615}}