{"mean":{"confidence_interval":{"confidence_level":0.95,"lower_bound":0.01295784026853089,"upper_bound":0.020127882320305428},"point_estimate":0.017130557298743243,"standard_error":0.001860777948225119},"median":{"confidence_interval":{"confidence_level":0.95,"lower_bound":0.01795181631408793,"upper_bound":0.018732838711737587},"point_estimate":0.018186998217129657,"standard_error":0.00020520484674094741}}