{"mean":{"confidence_interval":{"confidence_level":0.95,"lower_bound":0.09945359437430304,"upper_bound":0.10792169066385877},"point_estimate":0.10442560112908428,"standard_error":0.002210912921823865},"median":{"confidence_interval":{"confidence_level":0.95,"lower_bound":0.10459118504001452,"upper_bound":0.10588523191111987},"point_estimate":0.10517561684075649,"standard_error":0.00033359154307439616}}