{"mean":{"confidence_interval":{"confidence_level":0.95,"lower_bound":2.9884905257059056,"upper_bound":2.9969207468771715},"point_estimate":2.992243462462552,"standard_error":0.002161154970536035},"median":{"confidence_interval":{"confidence_level":0.95,"lower_bound":2.983833501622011,"upper_bound":2.9868566678152946},"point_estimate":2.985157079361242,"standard_error":0.0008227804698034909},"median_abs_dev":{"confidence_interval":{"confidence_level":0.95,"lower_bound":0.0035863728479677845,"upper_bound":0.007698675336432229},"point_estimate":0.005335504109522615,"standard_error":0.0010774760287990414},"slope":{"confidence_interval":{"confidence_level":0.95,"lower_bound":2.9865579983538253,"upper_bound":2.991679292553456},"point_estimate":2.988976392339329,"standard_error":0.0013115820724421197},"std_dev":{"confidence_interval":{"confidence_level":0.95,"lower_bound":0.011214109844365916,"upper_bound":0.03199539698538326},"point_estimate":0.02171929764217645,"standard_error":0.005746593641090279}}