{"mean":{"confidence_interval":{"confidence_level":0.95,"lower_bound":0.16787705800927383,"upper_bound":0.1753583140082952},"point_estimate":0.17213983183534665,"standard_error":0.0019361189223136704},"median":{"confidence_interval":{"confidence_level":0.95,"lower_bound":0.17278122113881422,"upper_bound":0.17473856769024354},"point_estimate":0.1738502792450498,"standard_error":0.0004887982382350555}}