{"mean":{"confidence_interval":{"confidence_level":0.95,"lower_bound":-0.10400959954560636,"upper_bound":-0.09602194419073141},"point_estimate":-0.09964775755392152,"standard_error":0.0020472679341974826},"median":{"confidence_interval":{"confidence_level":0.95,"lower_bound":-0.09965095342322972,"upper_bound":-0.09545374896431122},"point_estimate":-0.09732219363960548,"standard_error":0.0010666566667622657}}