{"mean":{"confidence_interval":{"confidence_level":0.95,"lower_bound":0.018679645364363787,"upper_bound":0.025855177864153873},"point_estimate":0.022909048460438397,"standard_error":0.0018712027745227961},"median":{"confidence_interval":{"confidence_level":0.95,"lower_bound":0.023950202446210156,"upper_bound":0.02503578186095967},"point_estimate":0.02458315803938982,"standard_error":0.00027992893608959503}}