{"mean":{"confidence_interval":{"confidence_level":0.95,"lower_bound":0.012080676671286185,"upper_bound":0.020562019027943888},"point_estimate":0.017026614717966737,"standard_error":0.0022127486499450713},"median":{"confidence_interval":{"confidence_level":0.95,"lower_bound":0.017768773476680266,"upper_bound":0.02071278667379972},"point_estimate":0.01904632490560676,"standard_error":0.0007507969261308093}}