{"mean":{"confidence_interval":{"confidence_level":0.95,"lower_bound":-0.19344267616511698,"upper_bound":-0.18970995274731287},"point_estimate":-0.191342691372957,"standard_error":0.0009582222260859654},"median":{"confidence_interval":{"confidence_level":0.95,"lower_bound":-0.19033768518680128,"upper_bound":-0.18951220173888383},"point_estimate":-0.1898678131430891,"standard_error":0.00022772908049358958}}