{"mean":{"confidence_interval":{"confidence_level":0.95,"lower_bound":-0.0018601006625966917,"upper_bound":0.005534443641508468},"point_estimate":0.0023688398529042587,"standard_error":0.0019062039946508766},"median":{"confidence_interval":{"confidence_level":0.95,"lower_bound":0.0029395610623825785,"upper_bound":0.0043299346743848055},"point_estimate":0.0036067619701320996,"standard_error":0.00034650594179873296}}