{"mean":{"confidence_interval":{"confidence_level":0.95,"lower_bound":3579.8049487557,"upper_bound":3603.2490025885204},"point_estimate":3590.002602543908,"standard_error":6.014491492345721},"median":{"confidence_interval":{"confidence_level":0.95,"lower_bound":3576.255415162455,"upper_bound":3578.300948164294},"point_estimate":3577.0507661082365,"standard_error":0.6258024280406229},"median_abs_dev":{"confidence_interval":{"confidence_level":0.95,"lower_bound":3.657000135740142,"upper_bound":6.192874109490955},"point_estimate":5.072856287796913,"standard_error":0.6115552000991656},"slope":{"confidence_interval":{"confidence_level":0.95,"lower_bound":3576.8291126108716,"upper_bound":3579.010535626564},"point_estimate":3577.844362666775,"standard_error":0.5583061094941938},"std_dev":{"confidence_interval":{"confidence_level":0.95,"lower_bound":9.13386516873687,"upper_bound":90.50774531788355},"point_estimate":60.66562716035291,"standard_error":19.560474784212914}}