{"mean":{"confidence_interval":{"confidence_level":0.95,"lower_bound":0.00685946197504841,"upper_bound":0.014417989506097354},"point_estimate":0.011180135267204516,"standard_error":0.0019286831709945601},"median":{"confidence_interval":{"confidence_level":0.95,"lower_bound":0.010934396706031357,"upper_bound":0.012448021384031834},"point_estimate":0.011584985535316061,"standard_error":0.00038094057265058165}}