{"mean":{"confidence_interval":{"confidence_level":0.95,"lower_bound":-0.06732347067302413,"upper_bound":-0.06050090400653023},"point_estimate":-0.06348169513935431,"standard_error":0.001754500527541925},"median":{"confidence_interval":{"confidence_level":0.95,"lower_bound":-0.06266939634939578,"upper_bound":-0.06136890586834909},"point_estimate":-0.061906435068521004,"standard_error":0.00033126976730511303}}