{"mean":{"confidence_interval":{"confidence_level":0.95,"lower_bound":35.66321424308204,"upper_bound":36.00260731939036},"point_estimate":35.80600083669725,"standard_error":0.08764690236138745},"median":{"confidence_interval":{"confidence_level":0.95,"lower_bound":35.59795002736812,"upper_bound":35.63209783156833},"point_estimate":35.61427243912557,"standard_error":0.008400421288556892},"median_abs_dev":{"confidence_interval":{"confidence_level":0.95,"lower_bound":0.045645571726842575,"upper_bound":0.0834472850234823},"point_estimate":0.062217973219631885,"standard_error":0.009863334608145972},"slope":{"confidence_interval":{"confidence_level":0.95,"lower_bound":35.629136830054726,"upper_bound":35.69256795288651},"point_estimate":35.657616487488966,"standard_error":0.01622719680368957},"std_dev":{"confidence_interval":{"confidence_level":0.95,"lower_bound":0.19757572760306796,"upper_bound":1.3566224120425454},"point_estimate":0.8802611483441809,"standard_error":0.3054462364294612}}