{"mean":{"confidence_interval":{"confidence_level":0.95,"lower_bound":0.07962050909463989,"upper_bound":0.08718205804017275},"point_estimate":0.08355323325124853,"standard_error":0.0019057143468100678},"median":{"confidence_interval":{"confidence_level":0.95,"lower_bound":0.08137472901785903,"upper_bound":0.08616619248423407},"point_estimate":0.08382172593469117,"standard_error":0.0012792843013834689}}