{"mean":{"confidence_interval":{"confidence_level":0.95,"lower_bound":-0.0055291126805460744,"upper_bound":0.0007353181382106038},"point_estimate":-0.0019728829231527856,"standard_error":0.0016197400445225015},"median":{"confidence_interval":{"confidence_level":0.95,"lower_bound":-0.0004346924741328584,"upper_bound":0.0008894594056261251},"point_estimate":0.00011593116987440588,"standard_error":0.00033426761964935214}}