{"mean":{"confidence_interval":{"confidence_level":0.95,"lower_bound":0.07031866195248485,"upper_bound":0.07790128784053126},"point_estimate":0.07476712597998958,"standard_error":0.001972704793144704},"median":{"confidence_interval":{"confidence_level":0.95,"lower_bound":0.07551849913113728,"upper_bound":0.07703368269667732},"point_estimate":0.07657679946882068,"standard_error":0.00039172357030261954}}