{"mean":{"confidence_interval":{"confidence_level":0.95,"lower_bound":104.77716497024007,"upper_bound":106.72001366780813},"point_estimate":105.4754728364764,"standard_error":0.5649903739590648},"median":{"confidence_interval":{"confidence_level":0.95,"lower_bound":104.62921765537641,"upper_bound":104.70922981778175},"point_estimate":104.67524564470305,"standard_error":0.021951090085417888},"median_abs_dev":{"confidence_interval":{"confidence_level":0.95,"lower_bound":0.1665100783961803,"upper_bound":0.3149787720144712},"point_estimate":0.22149942003751869,"standard_error":0.038312992533694856},"slope":{"confidence_interval":{"confidence_level":0.95,"lower_bound":104.73906441789283,"upper_bound":105.44237076122533},"point_estimate":105.02493495204136,"standard_error":0.18405660388503917},"std_dev":{"confidence_interval":{"confidence_level":0.95,"lower_bound":0.4941237003269683,"upper_bound":9.671734823505146},"point_estimate":5.6899803629538335,"standard_error":3.1183085315020267}}