{"mean":{"confidence_interval":{"confidence_level":0.95,"lower_bound":0.004422835400532743,"upper_bound":0.011819806778831288},"point_estimate":0.008635022198038467,"standard_error":0.001906111282183356},"median":{"confidence_interval":{"confidence_level":0.95,"lower_bound":0.010539200309288344,"upper_bound":0.011569062240484445},"point_estimate":0.011033741155078935,"standard_error":0.000259462664882638}}