{"mean":{"confidence_interval":{"confidence_level":0.95,"lower_bound":-0.09294919154001191,"upper_bound":-0.08622735884415286},"point_estimate":-0.08929529954244952,"standard_error":0.0017264630107907677},"median":{"confidence_interval":{"confidence_level":0.95,"lower_bound":-0.08892681166605831,"upper_bound":-0.08653047588046892},"point_estimate":-0.08771768775513278,"standard_error":0.0005582902880918003}}