{"mean":{"confidence_interval":{"confidence_level":0.95,"lower_bound":20.161641828140333,"upper_bound":20.225516498756825},"point_estimate":20.190138476776525,"standard_error":0.01643695329178208},"median":{"confidence_interval":{"confidence_level":0.95,"lower_bound":20.13602922429216,"upper_bound":20.157888783825914},"point_estimate":20.144475222118345,"standard_error":0.006452508129473262},"median_abs_dev":{"confidence_interval":{"confidence_level":0.95,"lower_bound":0.029652953791510065,"upper_bound":0.05710765832050346},"point_estimate":0.04296210247980779,"standard_error":0.006955338163994148},"slope":{"confidence_interval":{"confidence_level":0.95,"lower_bound":20.157479719779616,"upper_bound":20.23974480858938},"point_estimate":20.19257561787907,"standard_error":0.021328802205164775},"std_dev":{"confidence_interval":{"confidence_level":0.95,"lower_bound":0.07541369589126444,"upper_bound":0.23536416158764278},"point_estimate":0.165123467130822,"standard_error":0.04076116087597889}}