{"mean":{"confidence_interval":{"confidence_level":0.95,"lower_bound":0.03624639473143595,"upper_bound":0.043591249385815524},"point_estimate":0.04024061313751548,"standard_error":0.0018666657598027324},"median":{"confidence_interval":{"confidence_level":0.95,"lower_bound":0.040665931310248066,"upper_bound":0.04167438688661984},"point_estimate":0.041040426193479584,"standard_error":0.0002583539986830199}}