{"mean":{"confidence_interval":{"confidence_level":0.95,"lower_bound":0.011538058105880778,"upper_bound":0.016617638541964064},"point_estimate":0.01434880552529716,"standard_error":0.001290638978901783},"median":{"confidence_interval":{"confidence_level":0.95,"lower_bound":0.013444912239859885,"upper_bound":0.014810085061462286},"point_estimate":0.014192229385084687,"standard_error":0.00035959202472097076}}