{"mean":{"confidence_interval":{"confidence_level":0.95,"lower_bound":218.43132703518015,"upper_bound":220.1027604616922},"point_estimate":219.1514627234328,"standard_error":0.4315061860620991},"median":{"confidence_interval":{"confidence_level":0.95,"lower_bound":218.0073107061587,"upper_bound":218.14082994316885},"point_estimate":218.08312318081323,"standard_error":0.03536856286700134},"median_abs_dev":{"confidence_interval":{"confidence_level":0.95,"lower_bound":0.2644078838863031,"upper_bound":0.4650754704451884},"point_estimate":0.39091177926425497,"standard_error":0.05139890408378735},"slope":{"confidence_interval":{"confidence_level":0.95,"lower_bound":218.11433707388554,"upper_bound":218.53526795195313},"point_estimate":218.2981615399968,"standard_error":0.10851201831241626},"std_dev":{"confidence_interval":{"confidence_level":0.95,"lower_bound":1.7103464061618212,"upper_bound":6.604118482352683},"point_estimate":4.317789204740476,"standard_error":1.3381096941055648}}