{"mean":{"confidence_interval":{"confidence_level":0.95,"lower_bound":-0.18418574039803842,"upper_bound":-0.17908354358405168},"point_estimate":-0.1813875579352744,"standard_error":0.001310907149041455},"median":{"confidence_interval":{"confidence_level":0.95,"lower_bound":-0.18139541183458485,"upper_bound":-0.17926735078438685},"point_estimate":-0.1800608286284765,"standard_error":0.0005885247844863212}}