{"mean":{"confidence_interval":{"confidence_level":0.95,"lower_bound":0.08940264033333192,"upper_bound":0.09748630022295884},"point_estimate":0.09394914902332685,"standard_error":0.0020718081148214055},"median":{"confidence_interval":{"confidence_level":0.95,"lower_bound":0.09398644962738034,"upper_bound":0.09510575705774027},"point_estimate":0.09448866413920465,"standard_error":0.0002863132573756505}}