{"mean":{"confidence_interval":{"confidence_level":0.95,"lower_bound":-0.03973437729950642,"upper_bound":-0.0340296135175277},"point_estimate":-0.036893951044795426,"standard_error":0.0014697282541900017},"median":{"confidence_interval":{"confidence_level":0.95,"lower_bound":-0.0386538365944914,"upper_bound":-0.03638738549988296},"point_estimate":-0.03733923604941336,"standard_error":0.000562792175916914}}