{"mean":{"confidence_interval":{"confidence_level":0.95,"lower_bound":0.0032268054993216224,"upper_bound":0.012373720412945393},"point_estimate":0.008316348258153416,"standard_error":0.0023453216063748284},"median":{"confidence_interval":{"confidence_level":0.95,"lower_bound":0.009837744115517022,"upper_bound":0.011516076551135629},"point_estimate":0.010625609165917371,"standard_error":0.0004218016123248755}}