{"mean":{"confidence_interval":{"confidence_level":0.95,"lower_bound":0.0016632578848117814,"upper_bound":0.01217023384738473},"point_estimate":0.007736683371478481,"standard_error":0.0027221477814872047},"median":{"confidence_interval":{"confidence_level":0.95,"lower_bound":0.010458028839611444,"upper_bound":0.011951840807586631},"point_estimate":0.011362644370936037,"standard_error":0.0003930069252089449}}