{"mean":{"confidence_interval":{"confidence_level":0.95,"lower_bound":-0.024309398320896607,"upper_bound":-0.015057864474392127},"point_estimate":-0.01918731922218042,"standard_error":0.0023821868485251626},"median":{"confidence_interval":{"confidence_level":0.95,"lower_bound":-0.017324000321438104,"upper_bound":-0.01434152964192914},"point_estimate":-0.015399110826712858,"standard_error":0.0008230687306657375}}