{"mean":{"confidence_interval":{"confidence_level":0.95,"lower_bound":0.03232788340429935,"upper_bound":0.041425192162756204},"point_estimate":0.03732913870605237,"standard_error":0.0023359062187763573},"median":{"confidence_interval":{"confidence_level":0.95,"lower_bound":0.03908647416921629,"upper_bound":0.04041115622596836},"point_estimate":0.03983814971748023,"standard_error":0.00031792187709158684}}