{"mean":{"confidence_interval":{"confidence_level":0.95,"lower_bound":-0.035079722534128596,"upper_bound":-0.016212594435305438},"point_estimate":-0.024954866550372046,"standard_error":0.004831123270659732},"median":{"confidence_interval":{"confidence_level":0.95,"lower_bound":-0.012708727310968504,"upper_bound":-0.011077051544674643},"point_estimate":-0.011827175981184213,"standard_error":0.0003883327056968478}}