{"mean":{"confidence_interval":{"confidence_level":0.95,"lower_bound":0.10598059180929806,"upper_bound":0.11330605111777077},"point_estimate":0.11010251215397315,"standard_error":0.001887614149448807},"median":{"confidence_interval":{"confidence_level":0.95,"lower_bound":0.11236178663536966,"upper_bound":0.11457887770467567},"point_estimate":0.11344522066589668,"standard_error":0.0005550108000821135}}