{"mean":{"confidence_interval":{"confidence_level":0.95,"lower_bound":0.03731974383216062,"upper_bound":0.04491928950201346},"point_estimate":0.041709092063613395,"standard_error":0.001962536262446876},"median":{"confidence_interval":{"confidence_level":0.95,"lower_bound":0.041688551210489866,"upper_bound":0.043183013667096315},"point_estimate":0.04234009417640405,"standard_error":0.0003759599538697979}}