{"mean":{"confidence_interval":{"confidence_level":0.95,"lower_bound":-0.02922462373935388,"upper_bound":-0.022306695388714316},"point_estimate":-0.02522900918640647,"standard_error":0.001792484853441296},"median":{"confidence_interval":{"confidence_level":0.95,"lower_bound":-0.024144619212329244,"upper_bound":-0.023219533326801156},"point_estimate":-0.02367308076958896,"standard_error":0.00023759335918786137}}