{"mean":{"confidence_interval":{"confidence_level":0.95,"lower_bound":-0.0033492345603557635,"upper_bound":0.011017683028740758},"point_estimate":0.004722291353165042,"standard_error":0.0036894269814754816},"median":{"confidence_interval":{"confidence_level":0.95,"lower_bound":0.008501505545429167,"upper_bound":0.01406344788608127},"point_estimate":0.010548064907688337,"standard_error":0.0014180617155408208}}