{"mean":{"confidence_interval":{"confidence_level":0.95,"lower_bound":-0.003023841385039363,"upper_bound":0.011044931568561811},"point_estimate":0.0030346650074317694,"standard_error":0.003623255825707572},"median":{"confidence_interval":{"confidence_level":0.95,"lower_bound":-0.005660719020502136,"upper_bound":-0.004411244323772253},"point_estimate":-0.005239139226419831,"standard_error":0.00027741864585740643}}