{"mean":{"confidence_interval":{"confidence_level":0.95,"lower_bound":0.028844723631777015,"upper_bound":0.03298001536454747},"point_estimate":0.03085526818450246,"standard_error":0.0010472584933894475},"median":{"confidence_interval":{"confidence_level":0.95,"lower_bound":0.029934569198026395,"upper_bound":0.031613728850469425},"point_estimate":0.0306564122937778,"standard_error":0.0004301148130218074}}