{"mean":{"confidence_interval":{"confidence_level":0.95,"lower_bound":-0.3336978382517591,"upper_bound":-0.3292911890824207},"point_estimate":-0.331161858733779,"standard_error":0.001135377977114574},"median":{"confidence_interval":{"confidence_level":0.95,"lower_bound":-0.33035323363878677,"upper_bound":-0.32951888985816086},"point_estimate":-0.3298331723165504,"standard_error":0.0001976598416878176}}