{"mean":{"confidence_interval":{"confidence_level":0.95,"lower_bound":-0.45837420554761255,"upper_bound":-0.453389099129527},"point_estimate":-0.45578605933800886,"standard_error":0.0012609141408020943},"median":{"confidence_interval":{"confidence_level":0.95,"lower_bound":-0.45488769751688507,"upper_bound":-0.45438083512313404},"point_estimate":-0.4545835652026724,"standard_error":0.00012716824623469123}}