{"mean":{"confidence_interval":{"confidence_level":0.95,"lower_bound":517.703797882868,"upper_bound":520.7574055112792},"point_estimate":518.96434599503,"standard_error":0.7931723879649375},"median":{"confidence_interval":{"confidence_level":0.95,"lower_bound":517.3832790509699,"upper_bound":517.7395043165866},"point_estimate":517.553290029023,"standard_error":0.09545074635768284},"median_abs_dev":{"confidence_interval":{"confidence_level":0.95,"lower_bound":0.4793307924697202,"upper_bound":0.8002349480849371},"point_estimate":0.5891936220779124,"standard_error":0.08448438280565214},"slope":{"confidence_interval":{"confidence_level":0.95,"lower_bound":517.4216087615096,"upper_bound":517.7141738995088},"point_estimate":517.5620288326996,"standard_error":0.07449697242037658},"std_dev":{"confidence_interval":{"confidence_level":0.95,"lower_bound":1.875054945784692,"upper_bound":12.734819550514453},"point_estimate":7.983587723476272,"standard_error":2.9880443039284024}}