{"mean":{"confidence_interval":{"confidence_level":0.95,"lower_bound":0.011797297720434929,"upper_bound":0.01794111712915908},"point_estimate":0.01504905352980268,"standard_error":0.0015669291549570844},"median":{"confidence_interval":{"confidence_level":0.95,"lower_bound":0.01605503641595061,"upper_bound":0.01736064933254422},"point_estimate":0.016523487283181426,"standard_error":0.0003268786991851254}}