{"mean":{"confidence_interval":{"confidence_level":0.95,"lower_bound":-0.007761233714754182,"upper_bound":-1.9615409847212564e-6},"point_estimate":-0.003474888368037554,"standard_error":0.0019819190302605596},"median":{"confidence_interval":{"confidence_level":0.95,"lower_bound":-0.004448224753181074,"upper_bound":0.0013666156963512144},"point_estimate":-0.002038567554381032,"standard_error":0.0014372339050244543}}