{"mean":{"confidence_interval":{"confidence_level":0.95,"lower_bound":0.06231742961000093,"upper_bound":0.07472247852653581},"point_estimate":0.06952370986855927,"standard_error":0.0032365335601927036},"median":{"confidence_interval":{"confidence_level":0.95,"lower_bound":0.0726534068776501,"upper_bound":0.07497776574008275},"point_estimate":0.07386544203129408,"standard_error":0.0005578799788777394}}