{"mean":{"confidence_interval":{"confidence_level":0.95,"lower_bound":-0.38335315674033904,"upper_bound":-0.3793829039367761},"point_estimate":-0.3811253792648319,"standard_error":0.0010161845232633127},"median":{"confidence_interval":{"confidence_level":0.95,"lower_bound":-0.3810554325944312,"upper_bound":-0.3801552257271801},"point_estimate":-0.38059297823340066,"standard_error":0.00022792361175106026}}