{"mean":{"confidence_interval":{"confidence_level":0.95,"lower_bound":-0.0006485233468861391,"upper_bound":0.007278132582503917},"point_estimate":0.0037570929048285073,"standard_error":0.0020403840840503354},"median":{"confidence_interval":{"confidence_level":0.95,"lower_bound":0.003956065252712193,"upper_bound":0.0060999143205177145},"point_estimate":0.00478294486437969,"standard_error":0.00058439445936282}}