{"mean":{"confidence_interval":{"confidence_level":0.95,"lower_bound":0.006036601670156,"upper_bound":0.013752089892613232},"point_estimate":0.010370076682572282,"standard_error":0.001973401717462073},"median":{"confidence_interval":{"confidence_level":0.95,"lower_bound":0.010268195981524064,"upper_bound":0.012039530816599475},"point_estimate":0.010855514551363132,"standard_error":0.00047298480864207834}}