{"mean":{"confidence_interval":{"confidence_level":0.95,"lower_bound":-0.0506659558247068,"upper_bound":-0.0428259580056818},"point_estimate":-0.046208189826796864,"standard_error":0.0020183149131383937},"median":{"confidence_interval":{"confidence_level":0.95,"lower_bound":-0.04567331960980736,"upper_bound":-0.043532030601591054},"point_estimate":-0.04460588116390485,"standard_error":0.0005550276135613718}}