{"mean":{"confidence_interval":{"confidence_level":0.95,"lower_bound":-0.35084325618205664,"upper_bound":-0.3445346223794441},"point_estimate":-0.34760686382646877,"standard_error":0.0015965679499227565},"median":{"confidence_interval":{"confidence_level":0.95,"lower_bound":-0.34759741455286797,"upper_bound":-0.3465449056978973},"point_estimate":-0.34703937161096843,"standard_error":0.00026706310470841913}}