{"mean":{"confidence_interval":{"confidence_level":0.95,"lower_bound":0.027282952467083545,"upper_bound":0.03419486237165777},"point_estimate":0.030983641704821485,"standard_error":0.0017586675799659622},"median":{"confidence_interval":{"confidence_level":0.95,"lower_bound":0.0317501675022418,"upper_bound":0.03325937945359003},"point_estimate":0.032518459432019364,"standard_error":0.0003362583352119796}}