{"mean":{"confidence_interval":{"confidence_level":0.95,"lower_bound":0.007407894097041768,"upper_bound":0.013026297928577932},"point_estimate":0.010675676938640688,"standard_error":0.0014557177276815591},"median":{"confidence_interval":{"confidence_level":0.95,"lower_bound":0.011379703888638293,"upper_bound":0.012640766713541751},"point_estimate":0.01206680923734682,"standard_error":0.0003440994401294309}}