{"mean":{"confidence_interval":{"confidence_level":0.95,"lower_bound":0.03326826869370806,"upper_bound":0.03683336966647357},"point_estimate":0.035140998865174744,"standard_error":0.0009027825000728826},"median":{"confidence_interval":{"confidence_level":0.95,"lower_bound":0.034343885291468146,"upper_bound":0.03521190832347654},"point_estimate":0.03483642533261455,"standard_error":0.00021481847780998773}}