{"mean":{"confidence_interval":{"confidence_level":0.95,"lower_bound":0.009336853037631886,"upper_bound":0.01720340107689912},"point_estimate":0.01363422645306156,"standard_error":0.0020214583380566446},"median":{"confidence_interval":{"confidence_level":0.95,"lower_bound":0.014849281555136873,"upper_bound":0.016444174578933657},"point_estimate":0.015728238626099955,"standard_error":0.0003931397196475278}}