{"mean":{"confidence_interval":{"confidence_level":0.95,"lower_bound":-0.0345621166971917,"upper_bound":-0.022641633888576568},"point_estimate":-0.029009455879254187,"standard_error":0.0030460997174653883},"median":{"confidence_interval":{"confidence_level":0.95,"lower_bound":-0.031581789042691155,"upper_bound":-0.028877754873726458},"point_estimate":-0.03014301786357665,"standard_error":0.0007193116832259186}}