{"mean":{"confidence_interval":{"confidence_level":0.95,"lower_bound":-0.008308512053435635,"upper_bound":-0.002960122703506414},"point_estimate":-0.005427553735473989,"standard_error":0.0013635676127707786},"median":{"confidence_interval":{"confidence_level":0.95,"lower_bound":-0.004708714237675382,"upper_bound":-0.0028162072062200044},"point_estimate":-0.003686887460257804,"standard_error":0.00047505855887598373}}