{"mean":{"confidence_interval":{"confidence_level":0.95,"lower_bound":0.02878452112810087,"upper_bound":0.0387877359426968},"point_estimate":0.034074292611148804,"standard_error":0.0025556274939528677},"median":{"confidence_interval":{"confidence_level":0.95,"lower_bound":0.03512841984708151,"upper_bound":0.03766269815748213},"point_estimate":0.036383835902783934,"standard_error":0.0007122982069261726}}