{"mean":{"confidence_interval":{"confidence_level":0.95,"lower_bound":655.3615633109532,"upper_bound":657.6794332095694},"point_estimate":656.3130387185048,"standard_error":0.6059868434588337},"median":{"confidence_interval":{"confidence_level":0.95,"lower_bound":654.8140748989175,"upper_bound":655.4900537877511},"point_estimate":655.1005588264027,"standard_error":0.17350836508461087},"median_abs_dev":{"confidence_interval":{"confidence_level":0.95,"lower_bound":0.9412370740991706,"upper_bound":1.5070576210393378},"point_estimate":1.2210530331131149,"standard_error":0.14694935680032686},"slope":{"confidence_interval":{"confidence_level":0.95,"lower_bound":655.1696226003199,"upper_bound":655.6644401697394},"point_estimate":655.4078049928327,"standard_error":0.1259837567981352},"std_dev":{"confidence_interval":{"confidence_level":0.95,"lower_bound":1.4467992558586114,"upper_bound":9.816985359541938},"point_estimate":6.11426695333784,"standard_error":2.35647609421482}}