{"mean":{"confidence_interval":{"confidence_level":0.95,"lower_bound":-0.0027697873891936887,"upper_bound":0.007401688463146787},"point_estimate":0.002922261839803264,"standard_error":0.0026170237095278883},"median":{"confidence_interval":{"confidence_level":0.95,"lower_bound":0.0043554675196701975,"upper_bound":0.005915766003485201},"point_estimate":0.005027167827391432,"standard_error":0.0003871837719812703}}