{"mean":{"confidence_interval":{"confidence_level":0.95,"lower_bound":-0.3431115531613563,"upper_bound":-0.33935187481804396},"point_estimate":-0.34122567560248873,"standard_error":0.0009572338319339363},"median":{"confidence_interval":{"confidence_level":0.95,"lower_bound":-0.34267247900452413,"upper_bound":-0.3416927585972557},"point_estimate":-0.342216943290074,"standard_error":0.0002573819585990013}}