{"mean":{"confidence_interval":{"confidence_level":0.95,"lower_bound":-0.9520324719551666,"upper_bound":-0.9511134957893679},"point_estimate":-0.9515836697045804,"standard_error":0.00023389889144778898},"median":{"confidence_interval":{"confidence_level":0.95,"lower_bound":-0.9524233852909054,"upper_bound":-0.9516930031938994},"point_estimate":-0.9521780386539302,"standard_error":0.00018803358548214328}}