{"mean":{"confidence_interval":{"confidence_level":0.95,"lower_bound":0.011805237812646825,"upper_bound":0.02163546526146749},"point_estimate":0.01720800666265143,"standard_error":0.002519935577437555},"median":{"confidence_interval":{"confidence_level":0.95,"lower_bound":0.02174527064691989,"upper_bound":0.02527912603646327},"point_estimate":0.023494288943564534,"standard_error":0.0008699737296408337}}