{"mean":{"confidence_interval":{"confidence_level":0.95,"lower_bound":-0.04319201608650512,"upper_bound":-0.03406886970714627},"point_estimate":-0.03809920101004238,"standard_error":0.0023354819369664995},"median":{"confidence_interval":{"confidence_level":0.95,"lower_bound":-0.03724737372548784,"upper_bound":-0.036087052266495126},"point_estimate":-0.03670088773478708,"standard_error":0.000299881892946384}}