{"mean":{"confidence_interval":{"confidence_level":0.95,"lower_bound":-0.059466225383486705,"upper_bound":-0.051274300618382784},"point_estimate":-0.05483613337571647,"standard_error":0.002112717675169073},"median":{"confidence_interval":{"confidence_level":0.95,"lower_bound":-0.053214429025722376,"upper_bound":-0.051497661298281705},"point_estimate":-0.05223370468911748,"standard_error":0.0004404390728571097}}