{"mean":{"confidence_interval":{"confidence_level":0.95,"lower_bound":0.13317413075672516,"upper_bound":0.1462091632140185},"point_estimate":0.1398097993030607,"standard_error":0.0033255328146712297},"median":{"confidence_interval":{"confidence_level":0.95,"lower_bound":0.13614524693193242,"upper_bound":0.14630081979288656},"point_estimate":0.1418713226038708,"standard_error":0.0025789998538620343}}