{"mean":{"confidence_interval":{"confidence_level":0.95,"lower_bound":0.008591368824885814,"upper_bound":0.01466051373616809},"point_estimate":0.01182049248539574,"standard_error":0.0015407244101330027},"median":{"confidence_interval":{"confidence_level":0.95,"lower_bound":0.010852864243847904,"upper_bound":0.012098562169481797},"point_estimate":0.011620610454618374,"standard_error":0.000319225673685467}}