{"mean":{"confidence_interval":{"confidence_level":0.95,"lower_bound":-0.008970164261472735,"upper_bound":-0.002844886063303301},"point_estimate":-0.005514747046142188,"standard_error":0.0015740413422367808},"median":{"confidence_interval":{"confidence_level":0.95,"lower_bound":-0.005095742082770527,"upper_bound":-0.004081971029839508},"point_estimate":-0.004687773208442381,"standard_error":0.00026961300351650597}}