{"mean":{"confidence_interval":{"confidence_level":0.95,"lower_bound":-0.01059369605484958,"upper_bound":-0.0028927083737438465},"point_estimate":-0.0063972700945825745,"standard_error":0.0019635453647948078},"median":{"confidence_interval":{"confidence_level":0.95,"lower_bound":-0.005912929220383223,"upper_bound":-0.0045285175201784655},"point_estimate":-0.0051901469292285896,"standard_error":0.00035517902473699285}}