{"mean":{"confidence_interval":{"confidence_level":0.95,"lower_bound":-0.07218065743012089,"upper_bound":-0.048936245822771986},"point_estimate":-0.06242805984253941,"standard_error":0.005984916542665219},"median":{"confidence_interval":{"confidence_level":0.95,"lower_bound":-0.07713645320953655,"upper_bound":-0.0711347070518451},"point_estimate":-0.07570305468031613,"standard_error":0.00143179973116278}}