{"mean":{"confidence_interval":{"confidence_level":0.95,"lower_bound":-0.21129897309809956,"upper_bound":-0.20586890859932372},"point_estimate":-0.20867972843618732,"standard_error":0.0013959632505052746},"median":{"confidence_interval":{"confidence_level":0.95,"lower_bound":-0.2104941226437933,"upper_bound":-0.20928043303547872},"point_estimate":-0.20969640423475533,"standard_error":0.0003207426955796612}}