{"mean":{"confidence_interval":{"confidence_level":0.95,"lower_bound":41.133744986015465,"upper_bound":41.24321389162883},"point_estimate":41.177146406939386,"standard_error":0.028881354555064794},"median":{"confidence_interval":{"confidence_level":0.95,"lower_bound":41.11240449245484,"upper_bound":41.14058253235135},"point_estimate":41.12182932903532,"standard_error":0.007651855800407872},"median_abs_dev":{"confidence_interval":{"confidence_level":0.95,"lower_bound":0.041045238791096395,"upper_bound":0.06705767955750744},"point_estimate":0.05295288327591732,"standard_error":0.006810616198739717},"slope":{"confidence_interval":{"confidence_level":0.95,"lower_bound":41.13154276612262,"upper_bound":41.158957763631975},"point_estimate":41.14489552752852,"standard_error":0.006987796919312306},"std_dev":{"confidence_interval":{"confidence_level":0.95,"lower_bound":0.07129114367521083,"upper_bound":0.47482438716967473},"point_estimate":0.2902271945602746,"standard_error":0.12342014505342838}}