{"mean":{"confidence_interval":{"confidence_level":0.95,"lower_bound":1291.3334798597987,"upper_bound":1302.6047009875365},"point_estimate":1295.6038976700625,"standard_error":3.072645952058445},"median":{"confidence_interval":{"confidence_level":0.95,"lower_bound":1289.2400102132005,"upper_bound":1291.9151765057027},"point_estimate":1290.5613893380223,"standard_error":0.81744799950493},"median_abs_dev":{"confidence_interval":{"confidence_level":0.95,"lower_bound":3.8927192606491454,"upper_bound":6.487644612256352},"point_estimate":5.395794741413354,"standard_error":0.7192385979420695},"slope":{"confidence_interval":{"confidence_level":0.95,"lower_bound":1290.4617990251345,"upper_bound":1303.064037962589},"point_estimate":1294.9742738831524,"standard_error":3.4288851056776353},"std_dev":{"confidence_interval":{"confidence_level":0.95,"lower_bound":6.810704753627157,"upper_bound":51.59052374200481},"point_estimate":30.89529759791499,"standard_error":15.002263550608934}}