{"mean":{"confidence_interval":{"confidence_level":0.95,"lower_bound":0.016866288126432566,"upper_bound":0.02564530741538219},"point_estimate":0.02171073519007538,"standard_error":0.0022568134013885174},"median":{"confidence_interval":{"confidence_level":0.95,"lower_bound":0.022387584884176803,"upper_bound":0.02353472184330391},"point_estimate":0.022934566308301596,"standard_error":0.0002930452761149461}}