{"mean":{"confidence_interval":{"confidence_level":0.95,"lower_bound":0.12274968352499029,"upper_bound":0.13186368840074203},"point_estimate":0.12690525067354308,"standard_error":0.0022905065204054504},"median":{"confidence_interval":{"confidence_level":0.95,"lower_bound":0.12549008664839664,"upper_bound":0.1269624789752258},"point_estimate":0.1262378171799956,"standard_error":0.00038007745358343474}}