{"mean":{"confidence_interval":{"confidence_level":0.95,"lower_bound":0.015582867624525171,"upper_bound":0.02391269617258089},"point_estimate":0.02018328894286414,"standard_error":0.0021255172985496797},"median":{"confidence_interval":{"confidence_level":0.95,"lower_bound":0.020033461924408247,"upper_bound":0.022181980659681688},"point_estimate":0.02125826274726461,"standard_error":0.0005315147965595981}}