{"mean":{"confidence_interval":{"confidence_level":0.95,"lower_bound":132.9737834506251,"upper_bound":133.842134917371},"point_estimate":133.31384136552904,"standard_error":0.22989313568387276},"median":{"confidence_interval":{"confidence_level":0.95,"lower_bound":132.79225348805906,"upper_bound":132.8810619317417},"point_estimate":132.83654993097718,"standard_error":0.023157877885864524},"median_abs_dev":{"confidence_interval":{"confidence_level":0.95,"lower_bound":0.13675952071590658,"upper_bound":0.2737938311024017},"point_estimate":0.20508323819999053,"standard_error":0.036024179661700864},"slope":{"confidence_interval":{"confidence_level":0.95,"lower_bound":132.83714266983156,"upper_bound":132.98565078407393},"point_estimate":132.90150005879013,"standard_error":0.038075010110294516},"std_dev":{"confidence_interval":{"confidence_level":0.95,"lower_bound":0.6017886126940486,"upper_bound":3.778175941083711},"point_estimate":2.301729822512044,"standard_error":1.0076660715280432}}