{"mean":{"confidence_interval":{"confidence_level":0.95,"lower_bound":-0.003791200157455751,"upper_bound":0.005589574256611085},"point_estimate":0.0016764228193000275,"standard_error":0.0024352441558606313},"median":{"confidence_interval":{"confidence_level":0.95,"lower_bound":0.003936675031160686,"upper_bound":0.0049101154252599866},"point_estimate":0.00432618931013562,"standard_error":0.00023264331005081807}}