{"mean":{"confidence_interval":{"confidence_level":0.95,"lower_bound":0.037573665159459556,"upper_bound":0.04509008756354155},"point_estimate":0.041431284000917445,"standard_error":0.0019095190554730967},"median":{"confidence_interval":{"confidence_level":0.95,"lower_bound":0.039150492415594096,"upper_bound":0.041660053216743036},"point_estimate":0.04064861576168832,"standard_error":0.0006865104055925523}}