{"mean":{"confidence_interval":{"confidence_level":0.95,"lower_bound":0.00630730749766006,"upper_bound":0.01328133574113612},"point_estimate":0.01034400311519712,"standard_error":0.0018180995270014667},"median":{"confidence_interval":{"confidence_level":0.95,"lower_bound":0.012255333635993182,"upper_bound":0.01345273236528377},"point_estimate":0.012844298940322796,"standard_error":0.00029658374235119706}}