{"mean":{"confidence_interval":{"confidence_level":0.95,"lower_bound":-0.009446721652835957,"upper_bound":0.005158600894739412},"point_estimate":-0.0029390764490649923,"standard_error":0.003809572765771911},"median":{"confidence_interval":{"confidence_level":0.95,"lower_bound":-0.0068929628780273885,"upper_bound":-0.0035007297749208854},"point_estimate":-0.004916096010890714,"standard_error":0.000841803689481992}}