{"mean":{"confidence_interval":{"confidence_level":0.95,"lower_bound":-0.0026628796497615865,"upper_bound":0.005678736561459452},"point_estimate":0.0018986300364489672,"standard_error":0.0021146000174960744},"median":{"confidence_interval":{"confidence_level":0.95,"lower_bound":0.001429473610182308,"upper_bound":0.0033850046083572227},"point_estimate":0.0021298516273311474,"standard_error":0.0005123233492314525}}