{"mean":{"confidence_interval":{"confidence_level":0.95,"lower_bound":-0.0037935321892430276,"upper_bound":0.0020579018259151405},"point_estimate":-0.0006964346052688031,"standard_error":0.0014888568704512243},"median":{"confidence_interval":{"confidence_level":0.95,"lower_bound":-0.0009800924968578206,"upper_bound":-0.00007906078468067346},"point_estimate":-0.00035912419972194964,"standard_error":0.00022919882764807918}}