{"mean":{"confidence_interval":{"confidence_level":0.95,"lower_bound":0.10390637497279556,"upper_bound":0.11337030714112042},"point_estimate":0.10908210942545549,"standard_error":0.0024182491848780915},"median":{"confidence_interval":{"confidence_level":0.95,"lower_bound":0.10933901656923495,"upper_bound":0.11738674527463469},"point_estimate":0.11223062890012248,"standard_error":0.0019078011481983906}}