{"mean":{"confidence_interval":{"confidence_level":0.95,"lower_bound":-0.18019379254376394,"upper_bound":-0.17215849863632},"point_estimate":-0.17609548806629816,"standard_error":0.002041450436620663},"median":{"confidence_interval":{"confidence_level":0.95,"lower_bound":-0.17605867132166342,"upper_bound":-0.1753985780625683},"point_estimate":-0.17572661097765663,"standard_error":0.00016596607944755618}}