{"mean":{"confidence_interval":{"confidence_level":0.95,"lower_bound":-0.37596859129473076,"upper_bound":-0.36886289611834544},"point_estimate":-0.3723464722609713,"standard_error":0.0017981137810948713},"median":{"confidence_interval":{"confidence_level":0.95,"lower_bound":-0.37178549145564765,"upper_bound":-0.370688323382773},"point_estimate":-0.37134466002421873,"standard_error":0.0002845162009840363}}