{"mean":{"confidence_interval":{"confidence_level":0.95,"lower_bound":461.1791971699908,"upper_bound":462.7032770422839},"point_estimate":461.8286565828294,"standard_error":0.3957061775439029},"median":{"confidence_interval":{"confidence_level":0.95,"lower_bound":460.802400698804,"upper_bound":461.30235714985787},"point_estimate":461.0456197773291,"standard_error":0.11284669519922785},"median_abs_dev":{"confidence_interval":{"confidence_level":0.95,"lower_bound":0.7719578613908756,"upper_bound":1.1578544114796476},"point_estimate":0.9730834762539934,"standard_error":0.09928467218352867},"slope":{"confidence_interval":{"confidence_level":0.95,"lower_bound":461.0518771123636,"upper_bound":461.47782721913404},"point_estimate":461.2565125861373,"standard_error":0.108995702171578},"std_dev":{"confidence_interval":{"confidence_level":0.95,"lower_bound":1.1311051475997846,"upper_bound":6.078470383015027},"point_estimate":3.9703830276226046,"standard_error":1.3132507971720133}}