{"mean":{"confidence_interval":{"confidence_level":0.95,"lower_bound":637.5697951157333,"upper_bound":641.6873860916138},"point_estimate":639.1835352586227,"standard_error":1.089453308615372},"median":{"confidence_interval":{"confidence_level":0.95,"lower_bound":636.886218175528,"upper_bound":637.5663812182486},"point_estimate":637.2121048321048,"standard_error":0.15693910767399638},"median_abs_dev":{"confidence_interval":{"confidence_level":0.95,"lower_bound":1.0538252980122298,"upper_bound":1.7805193099433523},"point_estimate":1.2724709993210077,"standard_error":0.18245056564318032},"slope":{"confidence_interval":{"confidence_level":0.95,"lower_bound":637.2006634590132,"upper_bound":638.170527905577},"point_estimate":637.6622453830013,"standard_error":0.24902830249805055},"std_dev":{"confidence_interval":{"confidence_level":0.95,"lower_bound":2.564607289349959,"upper_bound":17.9225708727719},"point_estimate":10.929561155623833,"standard_error":4.729734532236833}}