{"mean":{"confidence_interval":{"confidence_level":0.95,"lower_bound":-0.24458175018511794,"upper_bound":-0.2358560181071512},"point_estimate":-0.2402430063795603,"standard_error":0.002212899419707778},"median":{"confidence_interval":{"confidence_level":0.95,"lower_bound":-0.2398099315036745,"upper_bound":-0.23845316269567773},"point_estimate":-0.23915390666067204,"standard_error":0.0003500952840637345}}