{"mean":{"confidence_interval":{"confidence_level":0.95,"lower_bound":53.55571566563416,"upper_bound":54.18049559373332},"point_estimate":53.85414922680608,"standard_error":0.15882583298871392},"median":{"confidence_interval":{"confidence_level":0.95,"lower_bound":53.696092494537574,"upper_bound":53.803430992825234},"point_estimate":53.74750545115991,"standard_error":0.02813742112839873}}