{"mean":{"confidence_interval":{"confidence_level":0.95,"lower_bound":0.04672774874263972,"upper_bound":0.05661773673819168},"point_estimate":0.05226263661033581,"standard_error":0.0025534102895001156},"median":{"confidence_interval":{"confidence_level":0.95,"lower_bound":0.05544070651720845,"upper_bound":0.057539911409962397},"point_estimate":0.056492075045822654,"standard_error":0.0005653364555820715}}