{"mean":{"confidence_interval":{"confidence_level":0.95,"lower_bound":0.014177045728142086,"upper_bound":0.02307636292188832},"point_estimate":0.019008629575351987,"standard_error":0.0022749385722020668},"median":{"confidence_interval":{"confidence_level":0.95,"lower_bound":0.01906747578031509,"upper_bound":0.024373617343084852},"point_estimate":0.021943289390783605,"standard_error":0.0013507840984329825}}