{"mean":{"confidence_interval":{"confidence_level":0.95,"lower_bound":41.14564033607024,"upper_bound":41.30140798235137},"point_estimate":41.21396014824537,"standard_error":0.04016221017954568},"median":{"confidence_interval":{"confidence_level":0.95,"lower_bound":41.09528233231414,"upper_bound":41.11603657563006},"point_estimate":41.10245048051208,"standard_error":0.005723885129496569},"median_abs_dev":{"confidence_interval":{"confidence_level":0.95,"lower_bound":0.03178771081717733,"upper_bound":0.05861118395217262},"point_estimate":0.04402937015510951,"standard_error":0.006544018614733161},"slope":{"confidence_interval":{"confidence_level":0.95,"lower_bound":41.12762957653137,"upper_bound":41.43384605169702},"point_estimate":41.24863707974434,"standard_error":0.08189024703302296},"std_dev":{"confidence_interval":{"confidence_level":0.95,"lower_bound":0.1550727576647173,"upper_bound":0.6010187671913364},"point_estimate":0.40539429699506585,"standard_error":0.11555173420253496}}