{"mean":{"confidence_interval":{"confidence_level":0.95,"lower_bound":40.72869789673391,"upper_bound":40.85822895688495},"point_estimate":40.78587433798127,"standard_error":0.03337567655624471},"median":{"confidence_interval":{"confidence_level":0.95,"lower_bound":40.69334269928634,"upper_bound":40.73048529173788},"point_estimate":40.70598165213677,"standard_error":0.01197238059599373},"median_abs_dev":{"confidence_interval":{"confidence_level":0.95,"lower_bound":0.04913341889103234,"upper_bound":0.08303138595111335},"point_estimate":0.06387139507964515,"standard_error":0.008680221841194128},"slope":{"confidence_interval":{"confidence_level":0.95,"lower_bound":40.70187762885546,"upper_bound":40.72493151084999},"point_estimate":40.713304693516214,"standard_error":0.005861832032444235},"std_dev":{"confidence_interval":{"confidence_level":0.95,"lower_bound":0.12915922276682149,"upper_bound":0.4774792680539779},"point_estimate":0.3342624235751619,"standard_error":0.08564348933273597}}