{"mean":{"confidence_interval":{"confidence_level":0.95,"lower_bound":-0.3530913527725762,"upper_bound":-0.3484295026037334},"point_estimate":-0.35049586068712424,"standard_error":0.0011989337396902618},"median":{"confidence_interval":{"confidence_level":0.95,"lower_bound":-0.35002914235290405,"upper_bound":-0.3491805032494226},"point_estimate":-0.34963232221424145,"standard_error":0.00021337766504285266}}