{"mean":{"confidence_interval":{"confidence_level":0.95,"lower_bound":-0.026916222108218514,"upper_bound":-0.02093790884436079},"point_estimate":-0.023762943431496986,"standard_error":0.0015337985059603984},"median":{"confidence_interval":{"confidence_level":0.95,"lower_bound":-0.023482056235453155,"upper_bound":-0.021137043151114643},"point_estimate":-0.021867066218075104,"standard_error":0.0006137907947463043}}