{"mean":{"confidence_interval":{"confidence_level":0.95,"lower_bound":0.0077760546120143395,"upper_bound":0.014345360275245548},"point_estimate":0.011749196657045768,"standard_error":0.0017387539806458545},"median":{"confidence_interval":{"confidence_level":0.95,"lower_bound":0.01180237086887348,"upper_bound":0.01303061684915674},"point_estimate":0.01236047366306292,"standard_error":0.0003111032077947344}}