{"mean":{"confidence_interval":{"confidence_level":0.95,"lower_bound":13.352045287681689,"upper_bound":13.574923336925988},"point_estimate":13.477251752347588,"standard_error":0.05752205329576566},"median":{"confidence_interval":{"confidence_level":0.95,"lower_bound":13.508859992099705,"upper_bound":13.548275108199737},"point_estimate":13.529377813304121,"standard_error":0.00988629687381557}}