{"mean":{"confidence_interval":{"confidence_level":0.95,"lower_bound":-0.4032666835956248,"upper_bound":-0.39766788341841286},"point_estimate":-0.4006968187044797,"standard_error":0.0014201032779027033},"median":{"confidence_interval":{"confidence_level":0.95,"lower_bound":-0.40112864930636294,"upper_bound":-0.4005896581382472},"point_estimate":-0.40089712614859496,"standard_error":0.00014035169785221464}}