{"mean":{"confidence_interval":{"confidence_level":0.95,"lower_bound":0.059390490967110396,"upper_bound":0.0681331751740173},"point_estimate":0.06443726762758928,"standard_error":0.00226476009329557},"median":{"confidence_interval":{"confidence_level":0.95,"lower_bound":0.06676134178064015,"upper_bound":0.06796267651222032},"point_estimate":0.0672682178248103,"standard_error":0.00029687415517733103}}