{"mean":{"confidence_interval":{"confidence_level":0.95,"lower_bound":-0.9680078366652,"upper_bound":-0.9673857269173382},"point_estimate":-0.9677103183200626,"standard_error":0.0001586287755089431},"median":{"confidence_interval":{"confidence_level":0.95,"lower_bound":-0.968457725226367,"upper_bound":-0.9678425123678313},"point_estimate":-0.968173201806549,"standard_error":0.00017206962060925548}}