{"mean":{"confidence_interval":{"confidence_level":0.95,"lower_bound":0.035859315923413355,"upper_bound":0.041149365614714356},"point_estimate":0.03890656129706693,"standard_error":0.001359918695393406},"median":{"confidence_interval":{"confidence_level":0.95,"lower_bound":0.0396367905992705,"upper_bound":0.04171931736342138},"point_estimate":0.04044576425706525,"standard_error":0.0005658765538388762}}