{"mean":{"confidence_interval":{"confidence_level":0.95,"lower_bound":0.05823786560452479,"upper_bound":0.06606266797264229},"point_estimate":0.06273851113064355,"standard_error":0.0020125729658641324},"median":{"confidence_interval":{"confidence_level":0.95,"lower_bound":0.06388427944233022,"upper_bound":0.0645511051469046},"point_estimate":0.06413859379642095,"standard_error":0.00017296068810456248}}