{"mean":{"confidence_interval":{"confidence_level":0.95,"lower_bound":0.06455822737973066,"upper_bound":0.07250796031061779},"point_estimate":0.06914931199405805,"standard_error":0.0020599368197938804},"median":{"confidence_interval":{"confidence_level":0.95,"lower_bound":0.07039966811975495,"upper_bound":0.07148830220209201},"point_estimate":0.0709710103016088,"standard_error":0.00027267727652808925}}