{"mean":{"confidence_interval":{"confidence_level":0.95,"lower_bound":-0.2973522925430197,"upper_bound":-0.29149899578925165},"point_estimate":-0.29413304975400323,"standard_error":0.0015090034447951533},"median":{"confidence_interval":{"confidence_level":0.95,"lower_bound":-0.2925961666579796,"upper_bound":-0.2915456765324693},"point_estimate":-0.292114052911416,"standard_error":0.0002787289408249516}}