{"mean":{"confidence_interval":{"confidence_level":0.95,"lower_bound":19.412224951403328,"upper_bound":19.50727664063642},"point_estimate":19.455843724727746,"standard_error":0.02446868204782009},"median":{"confidence_interval":{"confidence_level":0.95,"lower_bound":19.380062974048556,"upper_bound":19.42869965161466},"point_estimate":19.4100291786028,"standard_error":0.013299710485633214},"median_abs_dev":{"confidence_interval":{"confidence_level":0.95,"lower_bound":0.06873568055089434,"upper_bound":0.12385965964741877},"point_estimate":0.08754807326991204,"standard_error":0.01399710476415548},"slope":{"confidence_interval":{"confidence_level":0.95,"lower_bound":19.405705695596556,"upper_bound":19.4515859040379},"point_estimate":19.42776180534893,"standard_error":0.011761683067465722},"std_dev":{"confidence_interval":{"confidence_level":0.95,"lower_bound":0.13410671019858275,"upper_bound":0.33645008196309106},"point_estimate":0.2448616557016704,"standard_error":0.05171162884534235}}