{"mean":{"confidence_interval":{"confidence_level":0.95,"lower_bound":-0.18410132275237454,"upper_bound":-0.1772630240810017},"point_estimate":-0.18057286084287005,"standard_error":0.0017285320885411615},"median":{"confidence_interval":{"confidence_level":0.95,"lower_bound":-0.181860635187163,"upper_bound":-0.1789046185869454},"point_estimate":-0.18042242925341956,"standard_error":0.0007197681183456996}}