{"mean":{"confidence_interval":{"confidence_level":0.95,"lower_bound":0.08516723522970349,"upper_bound":0.09463158822854467},"point_estimate":0.09046250335589101,"standard_error":0.0024326123471536854},"median":{"confidence_interval":{"confidence_level":0.95,"lower_bound":0.09262339324332748,"upper_bound":0.09369073829614044},"point_estimate":0.09321766163731415,"standard_error":0.0002733722882340365}}