{"mean":{"confidence_interval":{"confidence_level":0.95,"lower_bound":0.06706163877357454,"upper_bound":0.07632830058053272},"point_estimate":0.07234208506787687,"standard_error":0.002394089360961414},"median":{"confidence_interval":{"confidence_level":0.95,"lower_bound":0.07423753572153569,"upper_bound":0.07622217228275185},"point_estimate":0.07536450432833819,"standard_error":0.0005114389854332248}}