{"mean":{"confidence_interval":{"confidence_level":0.95,"lower_bound":985.5491790350466,"upper_bound":992.105798360814},"point_estimate":988.1498555837074,"standard_error":1.742658394093282},"median":{"confidence_interval":{"confidence_level":0.95,"lower_bound":984.3946816267616,"upper_bound":985.8742439348621},"point_estimate":985.0797079067772,"standard_error":0.35338832763255973},"median_abs_dev":{"confidence_interval":{"confidence_level":0.95,"lower_bound":2.0014788754141732,"upper_bound":3.2733244043486014},"point_estimate":2.6762710882272045,"standard_error":0.3273014927510781},"slope":{"confidence_interval":{"confidence_level":0.95,"lower_bound":984.5774847776145,"upper_bound":985.7806250697153},"point_estimate":985.1476487222241,"standard_error":0.3055907891673645},"std_dev":{"confidence_interval":{"confidence_level":0.95,"lower_bound":3.869047362556307,"upper_bound":28.816197877575817},"point_estimate":17.559786484689354,"standard_error":7.655099166076928}}