{"mean":{"confidence_interval":{"confidence_level":0.95,"lower_bound":-0.042386933019955615,"upper_bound":-0.03821318396599186},"point_estimate":-0.04018946127172218,"standard_error":0.001062432577998304},"median":{"confidence_interval":{"confidence_level":0.95,"lower_bound":-0.040272472075487564,"upper_bound":-0.039056337865572055},"point_estimate":-0.03973432811171029,"standard_error":0.00031597427824914807}}