{"mean":{"confidence_interval":{"confidence_level":0.95,"lower_bound":0.0623268599677559,"upper_bound":0.06914527835976811},"point_estimate":0.06614985289907893,"standard_error":0.0017523674520869745},"median":{"confidence_interval":{"confidence_level":0.95,"lower_bound":0.06752826446780191,"upper_bound":0.06884323348232435},"point_estimate":0.0680763149415029,"standard_error":0.0003408135043753576}}