{"mean":{"confidence_interval":{"confidence_level":0.95,"lower_bound":-0.07067393711762551,"upper_bound":-0.06162875816147424},"point_estimate":-0.06587814269411862,"standard_error":0.0023029835705895806},"median":{"confidence_interval":{"confidence_level":0.95,"lower_bound":-0.06509459533612982,"upper_bound":-0.06375156428685771},"point_estimate":-0.06458525541977134,"standard_error":0.0003622581397073839}}