{"mean":{"confidence_interval":{"confidence_level":0.95,"lower_bound":-0.003536911712139938,"upper_bound":0.004430006579714656},"point_estimate":0.0008748479877269677,"standard_error":0.0020387453710992176},"median":{"confidence_interval":{"confidence_level":0.95,"lower_bound":0.001970961718169956,"upper_bound":0.003150869137541923},"point_estimate":0.0025727905131553985,"standard_error":0.000291672054698685}}