{"mean":{"confidence_interval":{"confidence_level":0.95,"lower_bound":-0.019625564745534813,"upper_bound":-0.011663272853306164},"point_estimate":-0.015892655480468587,"standard_error":0.0020650301158494466},"median":{"confidence_interval":{"confidence_level":0.95,"lower_bound":-0.01937206819540116,"upper_bound":-0.0184897339497071},"point_estimate":-0.018941632873688996,"standard_error":0.00020905895508449096}}