{"mean":{"confidence_interval":{"confidence_level":0.95,"lower_bound":0.06472768518171614,"upper_bound":0.07432732545222963},"point_estimate":0.0702030723453384,"standard_error":0.002476271524844605},"median":{"confidence_interval":{"confidence_level":0.95,"lower_bound":0.07251765238678608,"upper_bound":0.07368515870544967},"point_estimate":0.07305158151990665,"standard_error":0.00030243655456354244}}