{"mean":{"confidence_interval":{"confidence_level":0.95,"lower_bound":83.7494131011785,"upper_bound":84.60659110548889},"point_estimate":84.14153989407403,"standard_error":0.2195960670794581},"median":{"confidence_interval":{"confidence_level":0.95,"lower_bound":83.4465919434915,"upper_bound":83.96688817994402},"point_estimate":83.6719474530601,"standard_error":0.13755098616945752},"median_abs_dev":{"confidence_interval":{"confidence_level":0.95,"lower_bound":0.6723443409320903,"upper_bound":1.222911462636686},"point_estimate":0.9391614475351169,"standard_error":0.13983105301007293},"slope":{"confidence_interval":{"confidence_level":0.95,"lower_bound":84.01357951417393,"upper_bound":85.184811739742},"point_estimate":84.45601074571817,"standard_error":0.3158783175007007},"std_dev":{"confidence_interval":{"confidence_level":0.95,"lower_bound":1.2950485515181347,"upper_bound":3.084645712522502},"point_estimate":2.210516940357083,"standard_error":0.4717420488639101}}