{"mean":{"confidence_interval":{"confidence_level":0.95,"lower_bound":-0.00011670828745662016,"upper_bound":0.0077852666514033695},"point_estimate":0.004212971202072868,"standard_error":0.0020308424167753136},"median":{"confidence_interval":{"confidence_level":0.95,"lower_bound":0.006329970876104207,"upper_bound":0.007966594188953749},"point_estimate":0.0071696283209932155,"standard_error":0.0004018636285749008}}