{"mean":{"confidence_interval":{"confidence_level":0.95,"lower_bound":-0.41115511474536026,"upper_bound":-0.4053303168323277},"point_estimate":-0.40819646911872787,"standard_error":0.0014560525264924664},"median":{"confidence_interval":{"confidence_level":0.95,"lower_bound":-0.4081478770394651,"upper_bound":-0.4075812013206269},"point_estimate":-0.4078379569433386,"standard_error":0.00014196658986036565}}