{"mean":{"confidence_interval":{"confidence_level":0.95,"lower_bound":0.03816649141413053,"upper_bound":0.06110126927348278},"point_estimate":0.04704786029565433,"standard_error":0.0058358330620118},"median":{"confidence_interval":{"confidence_level":0.95,"lower_bound":0.042634850233602674,"upper_bound":0.044455876344012824},"point_estimate":0.04351534746989616,"standard_error":0.00045479840711486294}}