{"mean":{"confidence_interval":{"confidence_level":0.95,"lower_bound":78.80752528154977,"upper_bound":79.10286060115276},"point_estimate":78.94226090175079,"standard_error":0.07557243398500837},"median":{"confidence_interval":{"confidence_level":0.95,"lower_bound":78.6826990051667,"upper_bound":78.81329082444692},"point_estimate":78.73456165335915,"standard_error":0.032250759679750725},"median_abs_dev":{"confidence_interval":{"confidence_level":0.95,"lower_bound":0.18379801932387815,"upper_bound":0.31949476563356105},"point_estimate":0.23924847254204964,"standard_error":0.033416558213433346},"slope":{"confidence_interval":{"confidence_level":0.95,"lower_bound":78.72992422784279,"upper_bound":78.88078992713957},"point_estimate":78.79866745845862,"standard_error":0.03835529750389215},"std_dev":{"confidence_interval":{"confidence_level":0.95,"lower_bound":0.38031668991802037,"upper_bound":1.065411293095918},"point_estimate":0.7619049859456696,"standard_error":0.17189828820587152}}