{"mean":{"confidence_interval":{"confidence_level":0.95,"lower_bound":0.00561846526822353,"upper_bound":0.01527367359671015},"point_estimate":0.010965974666963696,"standard_error":0.0024962421417313997},"median":{"confidence_interval":{"confidence_level":0.95,"lower_bound":0.014072200259020118,"upper_bound":0.015329360483776755},"point_estimate":0.014777286223058184,"standard_error":0.00032045134797430337}}