{"mean":{"confidence_interval":{"confidence_level":0.95,"lower_bound":-0.006451224240289333,"upper_bound":0.0119877955237716},"point_estimate":0.0041407670957116505,"standard_error":0.004777581033454084},"median":{"confidence_interval":{"confidence_level":0.95,"lower_bound":0.007451861029546203,"upper_bound":0.013353534674199974},"point_estimate":0.011968096711511667,"standard_error":0.002045151816359008}}