{"mean":{"confidence_interval":{"confidence_level":0.95,"lower_bound":366.22035350615806,"upper_bound":368.3330869086437},"point_estimate":367.08010463607127,"standard_error":0.550256427917315},"median":{"confidence_interval":{"confidence_level":0.95,"lower_bound":365.93137294098835,"upper_bound":366.1342392223162},"point_estimate":366.05568855467897,"standard_error":0.057135116407985916},"median_abs_dev":{"confidence_interval":{"confidence_level":0.95,"lower_bound":0.39119888632878586,"upper_bound":0.6431507706843991},"point_estimate":0.5428578518027152,"standard_error":0.060333708130127936},"slope":{"confidence_interval":{"confidence_level":0.95,"lower_bound":366.03070651392136,"upper_bound":366.24209488507177},"point_estimate":366.12903509832347,"standard_error":0.054139402515538865},"std_dev":{"confidence_interval":{"confidence_level":0.95,"lower_bound":1.3463303847316277,"upper_bound":8.943974251488319},"point_estimate":5.54563939338022,"standard_error":2.16496340308217}}