{"mean":{"confidence_interval":{"confidence_level":0.95,"lower_bound":-0.0034380657305535943,"upper_bound":0.00485887796608495},"point_estimate":0.0006000489641166951,"standard_error":0.002103972785068959},"median":{"confidence_interval":{"confidence_level":0.95,"lower_bound":-0.0032093322827998483,"upper_bound":0.0026207014437665444},"point_estimate":-0.0000767296587126376,"standard_error":0.0014865893927616723}}