{"mean":{"confidence_interval":{"confidence_level":0.95,"lower_bound":-0.2008736464132418,"upper_bound":-0.19461506468006626},"point_estimate":-0.19731139520140106,"standard_error":0.0016113894603737911},"median":{"confidence_interval":{"confidence_level":0.95,"lower_bound":-0.19711599028044186,"upper_bound":-0.19604313187846978},"point_estimate":-0.19655832210112345,"standard_error":0.00026955996650875145}}