{"mean":{"confidence_interval":{"confidence_level":0.95,"lower_bound":1117.2713322752222,"upper_bound":1119.531413482575},"point_estimate":1118.3082587428296,"standard_error":0.5809668147867232},"median":{"confidence_interval":{"confidence_level":0.95,"lower_bound":1116.1063628785773,"upper_bound":1117.1218455743879},"point_estimate":1116.807432337135,"standard_error":0.24645946339896485},"median_abs_dev":{"confidence_interval":{"confidence_level":0.95,"lower_bound":1.4923457060430136,"upper_bound":2.8322386349575663},"point_estimate":2.09366847056389,"standard_error":0.3555513193025315},"slope":{"confidence_interval":{"confidence_level":0.95,"lower_bound":1116.9500194183136,"upper_bound":1118.138452399068},"point_estimate":1117.5228773367596,"standard_error":0.30341090607536053},"std_dev":{"confidence_interval":{"confidence_level":0.95,"lower_bound":3.174174329891802,"upper_bound":7.884215134096868},"point_estimate":5.834952752897013,"standard_error":1.1888620602081241}}