{"mean":{"confidence_interval":{"confidence_level":0.95,"lower_bound":-0.1693263582412318,"upper_bound":-0.16067117423222724},"point_estimate":-0.16449833139147696,"standard_error":0.002238228045876192},"median":{"confidence_interval":{"confidence_level":0.95,"lower_bound":-0.1622622635140032,"upper_bound":-0.1597707952718741},"point_estimate":-0.1603976461629507,"standard_error":0.0006290237788952693}}