{"mean":{"confidence_interval":{"confidence_level":0.95,"lower_bound":0.10070328496141517,"upper_bound":0.10853243052122352},"point_estimate":0.10518073679784945,"standard_error":0.002020621039941811},"median":{"confidence_interval":{"confidence_level":0.95,"lower_bound":0.1061909634246756,"upper_bound":0.10793551231302301},"point_estimate":0.1072103148625374,"standard_error":0.0004485999921647214}}