{"mean":{"confidence_interval":{"confidence_level":0.95,"lower_bound":0.04396287975343994,"upper_bound":0.05089620258345089},"point_estimate":0.048117643748514904,"standard_error":0.0018334519084319725},"median":{"confidence_interval":{"confidence_level":0.95,"lower_bound":0.049260614108813765,"upper_bound":0.050857947382419555},"point_estimate":0.04999932769114923,"standard_error":0.0004124970219153666}}