{"mean":{"confidence_interval":{"confidence_level":0.95,"lower_bound":38.05290416649026,"upper_bound":38.77807509634097},"point_estimate":38.417174685667995,"standard_error":0.18531375471418704},"median":{"confidence_interval":{"confidence_level":0.95,"lower_bound":38.015819853792465,"upper_bound":39.50563163639972},"point_estimate":39.0892025804292,"standard_error":0.42210975411937035},"median_abs_dev":{"confidence_interval":{"confidence_level":0.95,"lower_bound":1.3882191387317342,"upper_bound":2.8428265009069205},"point_estimate":1.901112695656073,"standard_error":0.4111754973696451},"slope":{"confidence_interval":{"confidence_level":0.95,"lower_bound":39.6054499640722,"upper_bound":40.04325850075066},"point_estimate":39.84139602671371,"standard_error":0.11137823659990617},"std_dev":{"confidence_interval":{"confidence_level":0.95,"lower_bound":1.7078633454960412,"upper_bound":1.991395741079607},"point_estimate":1.864481659012516,"standard_error":0.07223296183124028}}