{"mean":{"confidence_interval":{"confidence_level":0.95,"lower_bound":-0.06255986788479433,"upper_bound":-0.056493230472004136},"point_estimate":-0.0592062362475031,"standard_error":0.0015519391485077597},"median":{"confidence_interval":{"confidence_level":0.95,"lower_bound":-0.05864986499101077,"upper_bound":-0.056926934793641165},"point_estimate":-0.0578300105743087,"standard_error":0.0004415483257182872}}