{"mean":{"confidence_interval":{"confidence_level":0.95,"lower_bound":0.007054136598973422,"upper_bound":0.015491166015196789},"point_estimate":0.011465328029706345,"standard_error":0.002146629998976662},"median":{"confidence_interval":{"confidence_level":0.95,"lower_bound":0.009215100707008483,"upper_bound":0.014487238348908846},"point_estimate":0.01131382277481996,"standard_error":0.0013336928377009013}}