{"mean":{"confidence_interval":{"confidence_level":0.95,"lower_bound":-0.3712272570367479,"upper_bound":-0.36654376245194786},"point_estimate":-0.36851683738021335,"standard_error":0.0012130744495757757},"median":{"confidence_interval":{"confidence_level":0.95,"lower_bound":-0.36849572024055655,"upper_bound":-0.3675044181800582},"point_estimate":-0.36797240439547274,"standard_error":0.00025768228426945744}}