{"mean":{"confidence_interval":{"confidence_level":0.95,"lower_bound":0.022807786295539655,"upper_bound":0.03072273383773807},"point_estimate":0.027266272985695172,"standard_error":0.0020375697852421837},"median":{"confidence_interval":{"confidence_level":0.95,"lower_bound":0.028453185824731442,"upper_bound":0.030438645798156694},"point_estimate":0.029690852543184265,"standard_error":0.0005350937980343682}}