{"mean":{"confidence_interval":{"confidence_level":0.95,"lower_bound":0.009866034023263604,"upper_bound":0.01863256609966436},"point_estimate":0.014868250894020107,"standard_error":0.0022632977958384334},"median":{"confidence_interval":{"confidence_level":0.95,"lower_bound":0.01788671003081399,"upper_bound":0.01930244177809337},"point_estimate":0.018632431612633615,"standard_error":0.00035466911753785695}}