{"mean":{"confidence_interval":{"confidence_level":0.95,"lower_bound":0.0953849541087484,"upper_bound":0.10254174278502212},"point_estimate":0.09925471555246967,"standard_error":0.0018219433503349803},"median":{"confidence_interval":{"confidence_level":0.95,"lower_bound":0.09926732685860196,"upper_bound":0.10062055947396997},"point_estimate":0.09975194463320691,"standard_error":0.0003540013935842581}}