{"mean":{"confidence_interval":{"confidence_level":0.95,"lower_bound":35.96188668501647,"upper_bound":36.133599941579895},"point_estimate":36.03038003344825,"standard_error":0.04497938209159053},"median":{"confidence_interval":{"confidence_level":0.95,"lower_bound":35.9303851985852,"upper_bound":35.97124848484849},"point_estimate":35.95303427341362,"standard_error":0.01223706579917013},"median_abs_dev":{"confidence_interval":{"confidence_level":0.95,"lower_bound":0.05023001012063898,"upper_bound":0.08355114081211905},"point_estimate":0.06727640147957599,"standard_error":0.008827099034838755},"slope":{"confidence_interval":{"confidence_level":0.95,"lower_bound":35.93891895957641,"upper_bound":35.96308630560986},"point_estimate":35.95083724266158,"standard_error":0.006160136910095664},"std_dev":{"confidence_interval":{"confidence_level":0.95,"lower_bound":0.10409468919672657,"upper_bound":0.7357474423924334},"point_estimate":0.45261446523889953,"standard_error":0.18558926801437883}}