{"mean":{"confidence_interval":{"confidence_level":0.95,"lower_bound":1826.4728063281393,"upper_bound":1832.399167687585},"point_estimate":1829.1005644605816,"standard_error":1.5138163861852796},"median":{"confidence_interval":{"confidence_level":0.95,"lower_bound":1824.5697138837838,"upper_bound":1827.5809740356535},"point_estimate":1825.7422093369016,"standard_error":0.845516945635609},"median_abs_dev":{"confidence_interval":{"confidence_level":0.95,"lower_bound":4.2744241838874695,"upper_bound":7.68757092482917},"point_estimate":6.119852743174183,"standard_error":0.8987811625199883},"slope":{"confidence_interval":{"confidence_level":0.95,"lower_bound":1825.8595720525818,"upper_bound":1828.5520248114756},"point_estimate":1827.1584714175947,"standard_error":0.6875193787793706},"std_dev":{"confidence_interval":{"confidence_level":0.95,"lower_bound":7.44017155622257,"upper_bound":22.394987006014325},"point_estimate":15.226322512791118,"standard_error":3.952775977304288}}