{"mean":{"confidence_interval":{"confidence_level":0.95,"lower_bound":0.009400764376647549,"upper_bound":0.01982595194504604},"point_estimate":0.014757460583814996,"standard_error":0.002619648361273234},"median":{"confidence_interval":{"confidence_level":0.95,"lower_bound":0.015322086786601075,"upper_bound":0.01609140053891056},"point_estimate":0.015712020733918086,"standard_error":0.000203020714333331}}