{"mean":{"confidence_interval":{"confidence_level":0.95,"lower_bound":-0.40389608838800345,"upper_bound":-0.40042659269826336},"point_estimate":-0.402006740298927,"standard_error":0.000889721372617598},"median":{"confidence_interval":{"confidence_level":0.95,"lower_bound":-0.40185276234942974,"upper_bound":-0.4011390695897794},"point_estimate":-0.40145224432705884,"standard_error":0.0001870264151260619}}