{"mean":{"confidence_interval":{"confidence_level":0.95,"lower_bound":0.009987127505576928,"upper_bound":0.018149369836981587},"point_estimate":0.014455769578658018,"standard_error":0.002076746060852141},"median":{"confidence_interval":{"confidence_level":0.95,"lower_bound":0.014319052746116556,"upper_bound":0.019244429885115058},"point_estimate":0.01697772972882916,"standard_error":0.0012906202692179857}}