{"mean":{"confidence_interval":{"confidence_level":0.95,"lower_bound":-0.401219099607512,"upper_bound":-0.396958208905644},"point_estimate":-0.3987596361244715,"standard_error":0.001098516710097096},"median":{"confidence_interval":{"confidence_level":0.95,"lower_bound":-0.3988593583113661,"upper_bound":-0.3983553338818161},"point_estimate":-0.3986575255759677,"standard_error":0.00012676277838747637}}