{"mean":{"confidence_interval":{"confidence_level":0.95,"lower_bound":0.004599511400330105,"upper_bound":0.013651511479486362},"point_estimate":0.009507881161667786,"standard_error":0.002292213186152022},"median":{"confidence_interval":{"confidence_level":0.95,"lower_bound":0.008642185744767383,"upper_bound":0.009565732504909174},"point_estimate":0.00915811847854675,"standard_error":0.00024265958528595547}}