{"mean":{"confidence_interval":{"confidence_level":0.95,"lower_bound":0.07484691719644535,"upper_bound":0.07733483820907287},"point_estimate":0.07603342166225868,"standard_error":0.0006347913434695504},"median":{"confidence_interval":{"confidence_level":0.95,"lower_bound":0.07549816247231965,"upper_bound":0.07702004188506506},"point_estimate":0.07628030260341911,"standard_error":0.00040836333464035126}}