{"mean":{"confidence_interval":{"confidence_level":0.95,"lower_bound":-0.034528483917273464,"upper_bound":-0.026314148105697793},"point_estimate":-0.030216650215985852,"standard_error":0.0020990257779874683},"median":{"confidence_interval":{"confidence_level":0.95,"lower_bound":-0.03259311116837171,"upper_bound":-0.026668267830395775},"point_estimate":-0.03053801882919982,"standard_error":0.001460279452493414}}