{"mean":{"confidence_interval":{"confidence_level":0.95,"lower_bound":-0.3582206381361597,"upper_bound":-0.3509144437635736},"point_estimate":-0.35426797471390414,"standard_error":0.0018702606800147289},"median":{"confidence_interval":{"confidence_level":0.95,"lower_bound":-0.3532726468800689,"upper_bound":-0.35272212404993436},"point_estimate":-0.3530161680099698,"standard_error":0.0001457169194937611}}