{"mean":{"confidence_interval":{"confidence_level":0.95,"lower_bound":-0.056079249536595814,"upper_bound":-0.04948369406611552},"point_estimate":-0.052389959716709344,"standard_error":0.001678224452633451},"median":{"confidence_interval":{"confidence_level":0.95,"lower_bound":-0.05308184297028888,"upper_bound":-0.05159452945163745},"point_estimate":-0.05218202201697286,"standard_error":0.0003856540494874092}}