{"mean":{"confidence_interval":{"confidence_level":0.95,"lower_bound":2.5605723470566164,"upper_bound":2.568028771553664},"point_estimate":2.56393263941567,"standard_error":0.00191904362969388},"median":{"confidence_interval":{"confidence_level":0.95,"lower_bound":2.5570241816100876,"upper_bound":2.559733701718252},"point_estimate":2.5589667789910497,"standard_error":0.0006061550860979614},"median_abs_dev":{"confidence_interval":{"confidence_level":0.95,"lower_bound":0.003585055501144392,"upper_bound":0.006237750169625721},"point_estimate":0.0052124539606269015,"standard_error":0.0006613172209286651},"slope":{"confidence_interval":{"confidence_level":0.95,"lower_bound":2.559709183345217,"upper_bound":2.56329818258698},"point_estimate":2.5613673911367147,"standard_error":0.0009179039357228264},"std_dev":{"confidence_interval":{"confidence_level":0.95,"lower_bound":0.009305626577449808,"upper_bound":0.02702572175148519},"point_estimate":0.019310120787303008,"standard_error":0.004496906705184033}}