{"mean":{"confidence_interval":{"confidence_level":0.95,"lower_bound":0.010135934437266852,"upper_bound":0.01968025774401919},"point_estimate":0.015143332800905851,"standard_error":0.002405959774772644},"median":{"confidence_interval":{"confidence_level":0.95,"lower_bound":0.014152740047755685,"upper_bound":0.017553347616611426},"point_estimate":0.015257044486343352,"standard_error":0.000831841405923019}}