{"mean":{"confidence_interval":{"confidence_level":0.95,"lower_bound":0.007942180985693338,"upper_bound":0.01290716298850414},"point_estimate":0.010495933143829905,"standard_error":0.0012632861645604848},"median":{"confidence_interval":{"confidence_level":0.95,"lower_bound":0.009078212458786261,"upper_bound":0.010237397152967675},"point_estimate":0.00973981739989549,"standard_error":0.00032667130535403405}}