{"mean":{"confidence_interval":{"confidence_level":0.95,"lower_bound":0.011203656115656036,"upper_bound":0.01550997767654285},"point_estimate":0.013256142132769266,"standard_error":0.0010865900340655068},"median":{"confidence_interval":{"confidence_level":0.95,"lower_bound":0.011649728771764734,"upper_bound":0.01304062669934547},"point_estimate":0.01213717942409076,"standard_error":0.00038698935562124894}}