{"mean":{"confidence_interval":{"confidence_level":0.95,"lower_bound":-0.3290109652765278,"upper_bound":-0.3243442096091877},"point_estimate":-0.32635120442385757,"standard_error":0.0012011947784711916},"median":{"confidence_interval":{"confidence_level":0.95,"lower_bound":-0.3260474713012188,"upper_bound":-0.32517015762749446},"point_estimate":-0.3256950734034868,"standard_error":0.00022693105509040157}}