{"mean":{"confidence_interval":{"confidence_level":0.95,"lower_bound":140.63525832320383,"upper_bound":141.4704894897312},"point_estimate":140.98273811282456,"standard_error":0.21778587866120572},"median":{"confidence_interval":{"confidence_level":0.95,"lower_bound":140.45764018828208,"upper_bound":140.55712155637602},"point_estimate":140.51071256425456,"standard_error":0.02763802509868578},"median_abs_dev":{"confidence_interval":{"confidence_level":0.95,"lower_bound":0.1558827220483411,"upper_bound":0.283784976251118},"point_estimate":0.2273050807510239,"standard_error":0.031108566329660272},"slope":{"confidence_interval":{"confidence_level":0.95,"lower_bound":140.52074418638574,"upper_bound":140.6719798865262},"point_estimate":140.592915295493,"standard_error":0.0384509084840886},"std_dev":{"confidence_interval":{"confidence_level":0.95,"lower_bound":0.592338543214881,"upper_bound":3.4942175170656693},"point_estimate":2.1910609551447804,"standard_error":0.8163720670901565}}