{"mean":{"confidence_interval":{"confidence_level":0.95,"lower_bound":0.08325589597015515,"upper_bound":0.08817997482880219},"point_estimate":0.08571848280567429,"standard_error":0.0012432235093180041},"median":{"confidence_interval":{"confidence_level":0.95,"lower_bound":0.08487944742762821,"upper_bound":0.08637130532900587},"point_estimate":0.08560879065895666,"standard_error":0.0003607943611649772}}