{"mean":{"confidence_interval":{"confidence_level":0.95,"lower_bound":0.028475556828411817,"upper_bound":0.03842459897912223},"point_estimate":0.033984386961412705,"standard_error":0.002545453711476164},"median":{"confidence_interval":{"confidence_level":0.95,"lower_bound":0.036221153473449785,"upper_bound":0.037971026980380795},"point_estimate":0.037021642934848,"standard_error":0.0004297730763881455}}