{"mean":{"confidence_interval":{"confidence_level":0.95,"lower_bound":12.826291441767296,"upper_bound":12.911260687585296},"point_estimate":12.86315312069077,"standard_error":0.021859376116320828},"median":{"confidence_interval":{"confidence_level":0.95,"lower_bound":12.806549843851082,"upper_bound":12.855723722039203},"point_estimate":12.841406736918092,"standard_error":0.012380933467546245},"median_abs_dev":{"confidence_interval":{"confidence_level":0.95,"lower_bound":0.08300930393412623,"upper_bound":0.1359302573601293},"point_estimate":0.11051553951701835,"standard_error":0.01290290255938273},"slope":{"confidence_interval":{"confidence_level":0.95,"lower_bound":12.814842304534443,"upper_bound":12.853997595850752},"point_estimate":12.834572260205752,"standard_error":0.00998114152874888},"std_dev":{"confidence_interval":{"confidence_level":0.95,"lower_bound":0.10691107596499759,"upper_bound":0.33664775071385145},"point_estimate":0.2198310156817048,"standard_error":0.07003533959668894}}