{"mean":{"confidence_interval":{"confidence_level":0.95,"lower_bound":585.4322554489753,"upper_bound":586.790206689043},"point_estimate":586.0369904723904,"standard_error":0.34932954729201393},"median":{"confidence_interval":{"confidence_level":0.95,"lower_bound":584.9232451491247,"upper_bound":585.3074374692865},"point_estimate":585.0392308955911,"standard_error":0.10164467297581146},"median_abs_dev":{"confidence_interval":{"confidence_level":0.95,"lower_bound":0.5675184267663976,"upper_bound":0.974173275450128},"point_estimate":0.7239955270015092,"standard_error":0.10167434186657777},"slope":{"confidence_interval":{"confidence_level":0.95,"lower_bound":585.292259818118,"upper_bound":585.9260113245334},"point_estimate":585.5941397555204,"standard_error":0.16256621672301078},"std_dev":{"confidence_interval":{"confidence_level":0.95,"lower_bound":1.6584715798148288,"upper_bound":5.061283433217454},"point_estimate":3.509159124547071,"standard_error":0.8765993292868239}}