{"mean":{"confidence_interval":{"confidence_level":0.95,"lower_bound":-0.21540428435772843,"upper_bound":-0.2085934375397757},"point_estimate":-0.21175150117089347,"standard_error":0.0017269658031952967},"median":{"confidence_interval":{"confidence_level":0.95,"lower_bound":-0.21161062835060962,"upper_bound":-0.21045778766751733},"point_estimate":-0.21102174917837824,"standard_error":0.0002950854998976896}}