{"mean":{"confidence_interval":{"confidence_level":0.95,"lower_bound":-0.40470342918547664,"upper_bound":-0.40031443358175445},"point_estimate":-0.4022399724024449,"standard_error":0.0011292276019268072},"median":{"confidence_interval":{"confidence_level":0.95,"lower_bound":-0.4021077788575339,"upper_bound":-0.4015268676402389},"point_estimate":-0.401831510485828,"standard_error":0.00014532030571182938}}