{"mean":{"confidence_interval":{"confidence_level":0.95,"lower_bound":-0.39147406108031035,"upper_bound":-0.38265353043877365},"point_estimate":-0.3865623554191432,"standard_error":0.002261602741967364},"median":{"confidence_interval":{"confidence_level":0.95,"lower_bound":-0.3860804936388087,"upper_bound":-0.3851271094357177},"point_estimate":-0.38554762376589813,"standard_error":0.00023850765504496713}}