{"mean":{"confidence_interval":{"confidence_level":0.95,"lower_bound":0.1542884384449764,"upper_bound":0.16308338239779},"point_estimate":0.15925801539601658,"standard_error":0.002255286644358633},"median":{"confidence_interval":{"confidence_level":0.95,"lower_bound":0.160541093439452,"upper_bound":0.16158065515733444},"point_estimate":0.16107623438377305,"standard_error":0.00026103968254093866}}