{"mean":{"confidence_interval":{"confidence_level":0.95,"lower_bound":-0.35065667738135214,"upper_bound":-0.3414059942726232},"point_estimate":-0.3460602595829777,"standard_error":0.002330278036501581},"median":{"confidence_interval":{"confidence_level":0.95,"lower_bound":-0.35466767304114594,"upper_bound":-0.35362195544655584},"point_estimate":-0.3541336107346392,"standard_error":0.00026644860405838883}}