{"mean":{"confidence_interval":{"confidence_level":0.95,"lower_bound":6.794063381461519,"upper_bound":6.890722497424716},"point_estimate":6.847455383305335,"standard_error":0.02480412412921212},"median":{"confidence_interval":{"confidence_level":0.95,"lower_bound":6.848839705370663,"upper_bound":6.862096305911214},"point_estimate":6.8540196796876405,"standard_error":0.003251853787069261}}