{"mean":{"confidence_interval":{"confidence_level":0.95,"lower_bound":-0.009097250924913017,"upper_bound":-0.0021193089776949865},"point_estimate":-0.005104650966523683,"standard_error":0.0017952567400876984},"median":{"confidence_interval":{"confidence_level":0.95,"lower_bound":-0.005399202911031347,"upper_bound":-0.004162492157085973},"point_estimate":-0.004710472989635117,"standard_error":0.0003139481307908005}}