{"mean":{"confidence_interval":{"confidence_level":0.95,"lower_bound":-0.04151404043039572,"upper_bound":-0.03005940238173628},"point_estimate":-0.036154260156131324,"standard_error":0.0028933281141938065},"median":{"confidence_interval":{"confidence_level":0.95,"lower_bound":-0.038786619239285676,"upper_bound":-0.03504164209321803},"point_estimate":-0.03670663336305491,"standard_error":0.0009575229562493497}}