{"mean":{"confidence_interval":{"confidence_level":0.95,"lower_bound":-0.19684086128020808,"upper_bound":-0.19292799277455883},"point_estimate":-0.19481145131980515,"standard_error":0.0009853909212844325},"median":{"confidence_interval":{"confidence_level":0.95,"lower_bound":-0.1946763057174815,"upper_bound":-0.19358668029068538},"point_estimate":-0.19417189477374408,"standard_error":0.0002886098236739705}}