{"mean":{"confidence_interval":{"confidence_level":0.95,"lower_bound":0.016140475471026233,"upper_bound":0.024103769943476988},"point_estimate":0.020283681499686734,"standard_error":0.0020145164085185693},"median":{"confidence_interval":{"confidence_level":0.95,"lower_bound":0.019121633171504726,"upper_bound":0.019933300439234136},"point_estimate":0.019431136163140073,"standard_error":0.0002011657402213318}}