{"mean":{"confidence_interval":{"confidence_level":0.95,"lower_bound":0.0508847618889206,"upper_bound":0.0591241853227693},"point_estimate":0.05552161972082392,"standard_error":0.002117811552314774},"median":{"confidence_interval":{"confidence_level":0.95,"lower_bound":0.05593045351281461,"upper_bound":0.05747165224477187},"point_estimate":0.05674006409072785,"standard_error":0.0004135074181473998}}