{"mean":{"confidence_interval":{"confidence_level":0.95,"lower_bound":0.00854049827830197,"upper_bound":0.018279029951588636},"point_estimate":0.013694569333581486,"standard_error":0.002485876929788912},"median":{"confidence_interval":{"confidence_level":0.95,"lower_bound":0.013434131648629173,"upper_bound":0.01688322797757169},"point_estimate":0.014709234336467425,"standard_error":0.0009697623226950531}}