{"mean":{"confidence_interval":{"confidence_level":0.95,"lower_bound":0.014942191590718443,"upper_bound":0.030136664851394976},"point_estimate":0.021911417962081403,"standard_error":0.0038963090018289443},"median":{"confidence_interval":{"confidence_level":0.95,"lower_bound":0.014385856311522671,"upper_bound":0.015550559590644442},"point_estimate":0.014824349690085725,"standard_error":0.00029217335727617214}}