{"mean":{"confidence_interval":{"confidence_level":0.95,"lower_bound":-0.006318677997999191,"upper_bound":-0.0005786842040034753},"point_estimate":-0.002853101660083679,"standard_error":0.0015168268962076595},"median":{"confidence_interval":{"confidence_level":0.95,"lower_bound":-0.0014503729498165363,"upper_bound":-0.00024774272019559263},"point_estimate":-0.0007405798286522769,"standard_error":0.00029512133695932787}}