{"mean":{"confidence_interval":{"confidence_level":0.95,"lower_bound":0.10033178144147921,"upper_bound":0.11136060744505237},"point_estimate":0.10644176952174411,"standard_error":0.002832442068221471},"median":{"confidence_interval":{"confidence_level":0.95,"lower_bound":0.108671483523759,"upper_bound":0.11019195133905502},"point_estimate":0.10939028194599132,"standard_error":0.0004048745544686011}}