{"mean":{"confidence_interval":{"confidence_level":0.95,"lower_bound":0.036165347839158556,"upper_bound":0.04375234287027265},"point_estimate":0.040279408788640225,"standard_error":0.0019351291983284587},"median":{"confidence_interval":{"confidence_level":0.95,"lower_bound":0.04036209345909403,"upper_bound":0.04338193570357407},"point_estimate":0.04165125506346512,"standard_error":0.0006975792635798429}}