{"mean":{"confidence_interval":{"confidence_level":0.95,"lower_bound":0.07436251695808975,"upper_bound":0.08823924128478054},"point_estimate":0.08114379150716866,"standard_error":0.0035072093930125104},"median":{"confidence_interval":{"confidence_level":0.95,"lower_bound":0.07807629031950047,"upper_bound":0.08002676071422021},"point_estimate":0.07898293719370875,"standard_error":0.0004930468960177027}}