{"mean":{"confidence_interval":{"confidence_level":0.95,"lower_bound":0.044639917259605325,"upper_bound":0.05185358423987733},"point_estimate":0.048622898680306115,"standard_error":0.001855072332210202},"median":{"confidence_interval":{"confidence_level":0.95,"lower_bound":0.04934334923697814,"upper_bound":0.05182516895359446},"point_estimate":0.050794686918552934,"standard_error":0.0006450654145990585}}