{"mean":{"confidence_interval":{"confidence_level":0.95,"lower_bound":0.14512083859036032,"upper_bound":0.1524048384154162},"point_estimate":0.1489957108534583,"standard_error":0.001848838133293917},"median":{"confidence_interval":{"confidence_level":0.95,"lower_bound":0.14710265262999522,"upper_bound":0.15290436372814997},"point_estimate":0.15009128600309896,"standard_error":0.0015175516389898658}}