{"mean":{"confidence_interval":{"confidence_level":0.95,"lower_bound":0.600178697131074,"upper_bound":0.62099393510956},"point_estimate":0.6110186729754772,"standard_error":0.005288201236551273},"median":{"confidence_interval":{"confidence_level":0.95,"lower_bound":0.6128400462468424,"upper_bound":0.6143436826976901},"point_estimate":0.6136254235840015,"standard_error":0.0003815709373557988}}