{"mean":{"confidence_interval":{"confidence_level":0.95,"lower_bound":-0.31518759051536843,"upper_bound":-0.3081654779473215},"point_estimate":-0.3120857752709668,"standard_error":0.0018036119088702535},"median":{"confidence_interval":{"confidence_level":0.95,"lower_bound":-0.31520089781378313,"upper_bound":-0.31410489580993517},"point_estimate":-0.31454446359357136,"standard_error":0.0002925333387081074}}