{"mean":{"confidence_interval":{"confidence_level":0.95,"lower_bound":-0.008844544020270776,"upper_bound":-0.00252890784428011},"point_estimate":-0.00525414195041829,"standard_error":0.0016226835546751953},"median":{"confidence_interval":{"confidence_level":0.95,"lower_bound":-0.005119652779534967,"upper_bound":-0.002648879831172944},"point_estimate":-0.0041177829298369995,"standard_error":0.0006617707179989836}}