{"mean":{"confidence_interval":{"confidence_level":0.95,"lower_bound":26.521377266996762,"upper_bound":27.018664466382315},"point_estimate":26.79790056843021,"standard_error":0.12764075001447261},"median":{"confidence_interval":{"confidence_level":0.95,"lower_bound":26.886895608316536,"upper_bound":26.97237156508197},"point_estimate":26.938787982698653,"standard_error":0.022316564896412122}}