{"mean":{"confidence_interval":{"confidence_level":0.95,"lower_bound":0.04648885945742664,"upper_bound":0.054855907917361155},"point_estimate":0.05092857968181885,"standard_error":0.002129973857127925},"median":{"confidence_interval":{"confidence_level":0.95,"lower_bound":0.047156091262500865,"upper_bound":0.05569039495305509},"point_estimate":0.05135701322452291,"standard_error":0.0024143137868058817}}