{"mean":{"confidence_interval":{"confidence_level":0.95,"lower_bound":75.83090840407834,"upper_bound":76.1734462673795},"point_estimate":75.98713713753834,"standard_error":0.08748905448710077},"median":{"confidence_interval":{"confidence_level":0.95,"lower_bound":75.70993009573436,"upper_bound":75.86532895124006},"point_estimate":75.78286499424706,"standard_error":0.0403672916420266},"median_abs_dev":{"confidence_interval":{"confidence_level":0.95,"lower_bound":0.24519430638558523,"upper_bound":0.4336320555331685},"point_estimate":0.31404346193093985,"standard_error":0.048383907586068135},"slope":{"confidence_interval":{"confidence_level":0.95,"lower_bound":75.8011963801643,"upper_bound":75.99501544413039},"point_estimate":75.89313444311867,"standard_error":0.04931521140109724},"std_dev":{"confidence_interval":{"confidence_level":0.95,"lower_bound":0.504056820067268,"upper_bound":1.1889389774229038},"point_estimate":0.8755903446225446,"standard_error":0.1746588767791023}}