{"mean":{"confidence_interval":{"confidence_level":0.95,"lower_bound":0.0058690484646081835,"upper_bound":0.016149278464466826},"point_estimate":0.011542202024926507,"standard_error":0.0026349749431116456},"median":{"confidence_interval":{"confidence_level":0.95,"lower_bound":0.011849195450902794,"upper_bound":0.016200960881081805},"point_estimate":0.01385576944395761,"standard_error":0.0011586793709220699}}