{"mean":{"confidence_interval":{"confidence_level":0.95,"lower_bound":199.9217835144798,"upper_bound":201.5893936659552},"point_estimate":200.67453435038658,"standard_error":0.4263929237887598},"median":{"confidence_interval":{"confidence_level":0.95,"lower_bound":199.18392292205925,"upper_bound":200.63123316675228},"point_estimate":200.1231461302898,"standard_error":0.3337987559548353},"median_abs_dev":{"confidence_interval":{"confidence_level":0.95,"lower_bound":2.066067962349549,"upper_bound":3.2406323654725937},"point_estimate":2.640741002352693,"standard_error":0.2927674821568565},"slope":{"confidence_interval":{"confidence_level":0.95,"lower_bound":199.54791691713416,"upper_bound":200.39809961389284},"point_estimate":199.97239353797,"standard_error":0.21665302780626283},"std_dev":{"confidence_interval":{"confidence_level":0.95,"lower_bound":2.3370651171341197,"upper_bound":6.226822176049489},"point_estimate":4.301975463222094,"standard_error":1.0473630629645256}}