{"mean":{"confidence_interval":{"confidence_level":0.95,"lower_bound":-0.37562095670497614,"upper_bound":-0.3722885811962127},"point_estimate":-0.37382679264796714,"standard_error":0.0008497878845815518},"median":{"confidence_interval":{"confidence_level":0.95,"lower_bound":-0.37342000752823856,"upper_bound":-0.37228196793941093},"point_estimate":-0.37279085817178736,"standard_error":0.0002945060010054102}}