{"mean":{"confidence_interval":{"confidence_level":0.95,"lower_bound":-0.5089722888490057,"upper_bound":-0.5069708503454884},"point_estimate":-0.5078993207045557,"standard_error":0.0005119103916320819},"median":{"confidence_interval":{"confidence_level":0.95,"lower_bound":-0.5077951790446149,"upper_bound":-0.507225963370359},"point_estimate":-0.5075613079198296,"standard_error":0.00015478565739750585}}