{"mean":{"confidence_interval":{"confidence_level":0.95,"lower_bound":-0.18803999018521816,"upper_bound":-0.18222940703072443},"point_estimate":-0.1847182151948491,"standard_error":0.00148722245498451},"median":{"confidence_interval":{"confidence_level":0.95,"lower_bound":-0.18384102447932194,"upper_bound":-0.18137555583250087},"point_estimate":-0.18287525463299548,"standard_error":0.0006702933383481378}}