{"mean":{"confidence_interval":{"confidence_level":0.95,"lower_bound":-0.20119087711399178,"upper_bound":-0.19600520635346966},"point_estimate":-0.19830479019421177,"standard_error":0.0013303352677723015},"median":{"confidence_interval":{"confidence_level":0.95,"lower_bound":-0.19852973947334618,"upper_bound":-0.1973929732193195},"point_estimate":-0.19800036880214344,"standard_error":0.00028158536277228524}}