{"mean":{"confidence_interval":{"confidence_level":0.95,"lower_bound":305.46862478335726,"upper_bound":311.2069925782744},"point_estimate":308.30850020297004,"standard_error":1.4646122820815046},"median":{"confidence_interval":{"confidence_level":0.95,"lower_bound":301.8748414807451,"upper_bound":312.3350799128224},"point_estimate":307.57749879665533,"standard_error":2.323000677061353},"median_abs_dev":{"confidence_interval":{"confidence_level":0.95,"lower_bound":12.736122389363224,"upper_bound":19.561245578072633},"point_estimate":16.20287370700405,"standard_error":1.71274683302038},"slope":{"confidence_interval":{"confidence_level":0.95,"lower_bound":302.1895681998104,"upper_bound":308.2952575486441},"point_estimate":305.10215825813515,"standard_error":1.5568736168405772},"std_dev":{"confidence_interval":{"confidence_level":0.95,"lower_bound":12.944964039580562,"upper_bound":16.212535848849697},"point_estimate":14.686383572249566,"standard_error":0.8365995405270357}}