{"mean":{"confidence_interval":{"confidence_level":0.95,"lower_bound":0.07413705107496267,"upper_bound":0.08263820748072653},"point_estimate":0.07873045892652786,"standard_error":0.0021571484523941315},"median":{"confidence_interval":{"confidence_level":0.95,"lower_bound":0.07815504651381056,"upper_bound":0.07967716667105496},"point_estimate":0.07886127594588088,"standard_error":0.00036847825300002885}}