{"mean":{"confidence_interval":{"confidence_level":0.95,"lower_bound":0.041245367781766594,"upper_bound":0.048989729471725814},"point_estimate":0.045338789225856546,"standard_error":0.00197752485181245},"median":{"confidence_interval":{"confidence_level":0.95,"lower_bound":0.044378468745494226,"upper_bound":0.04763246774870322},"point_estimate":0.045818256691259496,"standard_error":0.0008101248868534265}}