{"mean":{"confidence_interval":{"confidence_level":0.95,"lower_bound":0.0015664385793909448,"upper_bound":0.013145607539049562},"point_estimate":0.006176896568539592,"standard_error":0.002857234291199988},"median":{"confidence_interval":{"confidence_level":0.95,"lower_bound":0.0038298069671911517,"upper_bound":0.005794644872586779},"point_estimate":0.005055667597116953,"standard_error":0.00048355551023136843}}