{"mean":{"confidence_interval":{"confidence_level":0.95,"lower_bound":0.12232247865128443,"upper_bound":0.13141831249921093},"point_estimate":0.12739054079836687,"standard_error":0.0023283781356296237},"median":{"confidence_interval":{"confidence_level":0.95,"lower_bound":0.12546905552115153,"upper_bound":0.13030090891658896},"point_estimate":0.12776815187345147,"standard_error":0.0013420116628995796}}