{"mean":{"confidence_interval":{"confidence_level":0.95,"lower_bound":-0.006919534246728275,"upper_bound":0.0012169113520180516},"point_estimate":-0.002185952895242038,"standard_error":0.002110277531025842},"median":{"confidence_interval":{"confidence_level":0.95,"lower_bound":-0.0014801305813016974,"upper_bound":-0.0006447933731135169},"point_estimate":-0.0011403035840495956,"standard_error":0.00020682143187299021}}