{"mean":{"confidence_interval":{"confidence_level":0.95,"lower_bound":0.0027611188581979865,"upper_bound":0.007951035205442252},"point_estimate":0.005596187941736552,"standard_error":0.0013240080454549451},"median":{"confidence_interval":{"confidence_level":0.95,"lower_bound":0.004394253598711373,"upper_bound":0.005429038954553933},"point_estimate":0.004885208243865957,"standard_error":0.0002746555892810894}}