{"mean":{"confidence_interval":{"confidence_level":0.95,"lower_bound":-0.013587141941168515,"upper_bound":0.002003324275582823},"point_estimate":-0.004997288847182979,"standard_error":0.004004812327577252},"median":{"confidence_interval":{"confidence_level":0.95,"lower_bound":0.0041639668880137926,"upper_bound":0.007389927860214307},"point_estimate":0.006014278135655804,"standard_error":0.0008421013143856999}}