{"mean":{"confidence_interval":{"confidence_level":0.95,"lower_bound":-0.02302568857871136,"upper_bound":-0.014553339502451596},"point_estimate":-0.018398389001440196,"standard_error":0.0021649514927644846},"median":{"confidence_interval":{"confidence_level":0.95,"lower_bound":-0.020601962742953724,"upper_bound":-0.013876909582833385},"point_estimate":-0.017185378617352032,"standard_error":0.0016364432344033837}}