{"mean":{"confidence_interval":{"confidence_level":0.95,"lower_bound":0.09054606000270038,"upper_bound":0.09813679437562835},"point_estimate":0.09499207689656819,"standard_error":0.001984961715942482},"median":{"confidence_interval":{"confidence_level":0.95,"lower_bound":0.09665488796389932,"upper_bound":0.09894195544370432},"point_estimate":0.09717231138227156,"standard_error":0.0006037299464599759}}