{"mean":{"confidence_interval":{"confidence_level":0.95,"lower_bound":261.23510062299454,"upper_bound":262.36484568116344},"point_estimate":261.7162096027247,"standard_error":0.2931931457592048},"median":{"confidence_interval":{"confidence_level":0.95,"lower_bound":260.9239146078196,"upper_bound":261.06629417676595},"point_estimate":261.01243584013093,"standard_error":0.03538257524773848},"median_abs_dev":{"confidence_interval":{"confidence_level":0.95,"lower_bound":0.22929878340584495,"upper_bound":0.40245777384468856},"point_estimate":0.29932193995346246,"standard_error":0.043251603682614624},"slope":{"confidence_interval":{"confidence_level":0.95,"lower_bound":261.12628812919075,"upper_bound":262.9376337797689},"point_estimate":261.79209907540593,"standard_error":0.4954841606161327},"std_dev":{"confidence_interval":{"confidence_level":0.95,"lower_bound":0.941946193510747,"upper_bound":4.583790232224543},"point_estimate":2.9443594310672307,"standard_error":0.984819401375562}}