{"mean":{"confidence_interval":{"confidence_level":0.95,"lower_bound":0.00486456010923625,"upper_bound":0.01500774813551956},"point_estimate":0.009859122065658088,"standard_error":0.002565765849407645},"median":{"confidence_interval":{"confidence_level":0.95,"lower_bound":0.006695318059734667,"upper_bound":0.008416816837119034},"point_estimate":0.007290093218822902,"standard_error":0.0004514997755599454}}