{"mean":{"confidence_interval":{"confidence_level":0.95,"lower_bound":-0.09888427791427669,"upper_bound":-0.08405970883977049},"point_estimate":-0.0906096364271477,"standard_error":0.003836885269368364},"median":{"confidence_interval":{"confidence_level":0.95,"lower_bound":-0.08397603989110282,"upper_bound":-0.08251377721355635},"point_estimate":-0.08315473809808538,"standard_error":0.00036882469409488364}}