{"mean":{"confidence_interval":{"confidence_level":0.95,"lower_bound":-0.24666509079214025,"upper_bound":-0.23912597985392028},"point_estimate":-0.2429439233486409,"standard_error":0.0019221530224765525},"median":{"confidence_interval":{"confidence_level":0.95,"lower_bound":-0.2424186986293576,"upper_bound":-0.24163871640832757},"point_estimate":-0.24208998287136896,"standard_error":0.0001806605629418658}}