{"mean":{"confidence_interval":{"confidence_level":0.95,"lower_bound":-0.18562493581778378,"upper_bound":-0.17951350221894832},"point_estimate":-0.18202687751496138,"standard_error":0.0015977112798339604},"median":{"confidence_interval":{"confidence_level":0.95,"lower_bound":-0.18173558318475325,"upper_bound":-0.17985896606789267},"point_estimate":-0.18055569994309817,"standard_error":0.00048164120208882364}}