{"mean":{"confidence_interval":{"confidence_level":0.95,"lower_bound":0.016251450590325133,"upper_bound":0.02263153724104932},"point_estimate":0.019819107305147465,"standard_error":0.0016296775103442425},"median":{"confidence_interval":{"confidence_level":0.95,"lower_bound":0.022576015625658696,"upper_bound":0.024730000214282396},"point_estimate":0.023586066627221403,"standard_error":0.0005798962982081523}}