{"mean":{"confidence_interval":{"confidence_level":0.95,"lower_bound":-0.2542118723228502,"upper_bound":-0.24910443617492253},"point_estimate":-0.25178392928043203,"standard_error":0.0013069780892685447},"median":{"confidence_interval":{"confidence_level":0.95,"lower_bound":-0.25435096516036504,"upper_bound":-0.2504509081956262},"point_estimate":-0.25309262970606405,"standard_error":0.0009045657811423238}}