{"mean":{"confidence_interval":{"confidence_level":0.95,"lower_bound":116.33044560679657,"upper_bound":116.64738266593226},"point_estimate":116.4686098406907,"standard_error":0.08163173711735021},"median":{"confidence_interval":{"confidence_level":0.95,"lower_bound":116.22551069487301,"upper_bound":116.34477115034002},"point_estimate":116.28484437076258,"standard_error":0.028594971694000146},"median_abs_dev":{"confidence_interval":{"confidence_level":0.95,"lower_bound":0.18579682780080303,"upper_bound":0.32236694569880703},"point_estimate":0.24528829079107378,"standard_error":0.034446180510144836},"slope":{"confidence_interval":{"confidence_level":0.95,"lower_bound":116.3136743096328,"upper_bound":116.45604931314045},"point_estimate":116.38231830444236,"standard_error":0.03616851434082265},"std_dev":{"confidence_interval":{"confidence_level":0.95,"lower_bound":0.35257429102614296,"upper_bound":1.2433904273963299},"point_estimate":0.8198299683986117,"standard_error":0.2434112517672762}}