{"mean":{"confidence_interval":{"confidence_level":0.95,"lower_bound":0.0021195429314626816,"upper_bound":0.008275063361912981},"point_estimate":0.005539985527070801,"standard_error":0.0015711227726241165},"median":{"confidence_interval":{"confidence_level":0.95,"lower_bound":0.005136734790429642,"upper_bound":0.007822655097786235},"point_estimate":0.0064059466172396995,"standard_error":0.0006789738506949758}}