{"mean":{"confidence_interval":{"confidence_level":0.95,"lower_bound":6.403147154975056,"upper_bound":6.433376028593024},"point_estimate":6.417869165285632,"standard_error":0.007707569083859666},"median":{"confidence_interval":{"confidence_level":0.95,"lower_bound":6.3975828986264265,"upper_bound":6.440317689195044},"point_estimate":6.4267312838101684,"standard_error":0.00973380024006558},"median_abs_dev":{"confidence_interval":{"confidence_level":0.95,"lower_bound":0.04377729145270261,"upper_bound":0.08580104240293814},"point_estimate":0.06558184937852207,"standard_error":0.010387118944929582},"slope":{"confidence_interval":{"confidence_level":0.95,"lower_bound":6.432441843875123,"upper_bound":6.448666194405985},"point_estimate":6.440829061952712,"standard_error":0.004123722425413608},"std_dev":{"confidence_interval":{"confidence_level":0.95,"lower_bound":0.06158315080958432,"upper_bound":0.09319235973489967},"point_estimate":0.07748451385215856,"standard_error":0.00814260545456515}}