{"mean":{"confidence_interval":{"confidence_level":0.95,"lower_bound":-0.10322903764610594,"upper_bound":-0.09965773780372769},"point_estimate":-0.10136673985948474,"standard_error":0.0009074585037529954},"median":{"confidence_interval":{"confidence_level":0.95,"lower_bound":-0.10147922381223942,"upper_bound":-0.10047139176153319},"point_estimate":-0.10096947233940412,"standard_error":0.0002600459996437725}}