{"mean":{"confidence_interval":{"confidence_level":0.95,"lower_bound":-0.006700803198185831,"upper_bound":0.004870128297997801},"point_estimate":-0.0003549202886787839,"standard_error":0.0029498315520292986},"median":{"confidence_interval":{"confidence_level":0.95,"lower_bound":-0.00006208131723894894,"upper_bound":0.003737589175278888},"point_estimate":0.0026514786546889546,"standard_error":0.0009193731948945283}}