{"mean":{"confidence_interval":{"confidence_level":0.95,"lower_bound":919.6491947632562,"upper_bound":931.928800206911},"point_estimate":925.1996310740037,"standard_error":3.1461248905423225},"median":{"confidence_interval":{"confidence_level":0.95,"lower_bound":915.1859454913894,"upper_bound":915.9619009642572},"point_estimate":915.5114952201427,"standard_error":0.1921627848734037},"median_abs_dev":{"confidence_interval":{"confidence_level":0.95,"lower_bound":1.1036189138943415,"upper_bound":2.2296071425728936},"point_estimate":1.639997884647571,"standard_error":0.285131270711857},"slope":{"confidence_interval":{"confidence_level":0.95,"lower_bound":916.1486665345586,"upper_bound":925.0201548076149},"point_estimate":919.1729638330496,"standard_error":2.4813174406042187},"std_dev":{"confidence_interval":{"confidence_level":0.95,"lower_bound":17.21185671041113,"upper_bound":42.85888554710413},"point_estimate":31.69203331176128,"standard_error":6.534592349482881}}