{"mean":{"confidence_interval":{"confidence_level":0.95,"lower_bound":-0.0035298550188586023,"upper_bound":0.0041349835425634664},"point_estimate":0.0004732054432248223,"standard_error":0.001953837298279511},"median":{"confidence_interval":{"confidence_level":0.95,"lower_bound":0.0002600890876824913,"upper_bound":0.0022858471750317744},"point_estimate":0.0009958705016539504,"standard_error":0.000581885419422354}}