{"mean":{"confidence_interval":{"confidence_level":0.95,"lower_bound":0.0669063872257304,"upper_bound":0.07393761865337525},"point_estimate":0.07076410967200752,"standard_error":0.0017973963334202943},"median":{"confidence_interval":{"confidence_level":0.95,"lower_bound":0.07096288938877637,"upper_bound":0.07227840519418383},"point_estimate":0.07162918394434281,"standard_error":0.0003536001654733886}}