{"mean":{"confidence_interval":{"confidence_level":0.95,"lower_bound":0.1412183865568851,"upper_bound":0.1475262262212841},"point_estimate":0.14425807951416814,"standard_error":0.0016269478401862852},"median":{"confidence_interval":{"confidence_level":0.95,"lower_bound":0.14117007972640838,"upper_bound":0.1458345843915334},"point_estimate":0.14334189413643683,"standard_error":0.0012044741272408867}}