{"mean":{"confidence_interval":{"confidence_level":0.95,"lower_bound":0.333579726177469,"upper_bound":0.3484999977235802},"point_estimate":0.34080114870518563,"standard_error":0.0037638793302649464},"median":{"confidence_interval":{"confidence_level":0.95,"lower_bound":0.3371394217069912,"upper_bound":0.33858681813319835},"point_estimate":0.33779390259384745,"standard_error":0.00039990580479282216}}