{"mean":{"confidence_interval":{"confidence_level":0.95,"lower_bound":35.18223555441553,"upper_bound":35.38493007640725},"point_estimate":35.269783846962895,"standard_error":0.0522668580720511},"median":{"confidence_interval":{"confidence_level":0.95,"lower_bound":35.1631454746373,"upper_bound":35.22383138577263},"point_estimate":35.19484837673707,"standard_error":0.014593443496411397},"median_abs_dev":{"confidence_interval":{"confidence_level":0.95,"lower_bound":0.1091428218863134,"upper_bound":0.21596705148703083},"point_estimate":0.15223090246587573,"standard_error":0.029318528140410586},"slope":{"confidence_interval":{"confidence_level":0.95,"lower_bound":35.1683622689487,"upper_bound":35.2434832579127},"point_estimate":35.20558164957987,"standard_error":0.019087710561565264},"std_dev":{"confidence_interval":{"confidence_level":0.95,"lower_bound":0.2192741622632835,"upper_bound":0.8099691523550848},"point_estimate":0.525424266829224,"standard_error":0.16905818309603995}}