{"mean":{"confidence_interval":{"confidence_level":0.95,"lower_bound":0.0049516929749653495,"upper_bound":0.011166637357407704},"point_estimate":0.008472462098774836,"standard_error":0.0015937327525225979},"median":{"confidence_interval":{"confidence_level":0.95,"lower_bound":0.007719291828880648,"upper_bound":0.009296904087355617},"point_estimate":0.008609031277227785,"standard_error":0.0003871331587698863}}