{"mean":{"confidence_interval":{"confidence_level":0.95,"lower_bound":0.05289544081958447,"upper_bound":0.06113928843739095},"point_estimate":0.05708562410769935,"standard_error":0.002099633612717224},"median":{"confidence_interval":{"confidence_level":0.95,"lower_bound":0.052341927512012276,"upper_bound":0.060454187227343414},"point_estimate":0.05537778861472331,"standard_error":0.001971258412477602}}