{"mean":{"confidence_interval":{"confidence_level":0.95,"lower_bound":-0.39932870410787824,"upper_bound":-0.3969787739274},"point_estimate":-0.3981407656443857,"standard_error":0.000597457429355102},"median":{"confidence_interval":{"confidence_level":0.95,"lower_bound":-0.39854963392100173,"upper_bound":-0.3979863791953382},"point_estimate":-0.3983077122067191,"standard_error":0.0001480814568090169}}