{"mean":{"confidence_interval":{"confidence_level":0.95,"lower_bound":259.00659144309424,"upper_bound":259.9762018824716},"point_estimate":259.4183585200341,"standard_error":0.25047868354909564},"median":{"confidence_interval":{"confidence_level":0.95,"lower_bound":258.86180126509515,"upper_bound":258.9747228749876},"point_estimate":258.9107472872587,"standard_error":0.03076297872896885},"median_abs_dev":{"confidence_interval":{"confidence_level":0.95,"lower_bound":0.18378007710783356,"upper_bound":0.36096750181760723},"point_estimate":0.2398382925139949,"standard_error":0.04489451838754079},"slope":{"confidence_interval":{"confidence_level":0.95,"lower_bound":258.9021029323397,"upper_bound":259.1145094693927},"point_estimate":259.0012323332588,"standard_error":0.05408226663702225},"std_dev":{"confidence_interval":{"confidence_level":0.95,"lower_bound":0.6609743481050518,"upper_bound":3.8734780562550846},"point_estimate":2.527027056777463,"standard_error":0.8454359768071452}}