{"mean":{"confidence_interval":{"confidence_level":0.95,"lower_bound":261.1450610198517,"upper_bound":261.78395831286804},"point_estimate":261.41479428906257,"standard_error":0.16559535458196636},"median":{"confidence_interval":{"confidence_level":0.95,"lower_bound":260.9462283625405,"upper_bound":261.10887845997314},"point_estimate":261.0035090508636,"standard_error":0.04538233388743582},"median_abs_dev":{"confidence_interval":{"confidence_level":0.95,"lower_bound":0.23642003108449547,"upper_bound":0.441086116135367},"point_estimate":0.3151895827680654,"standard_error":0.0491440957045979},"slope":{"confidence_interval":{"confidence_level":0.95,"lower_bound":261.09966820946113,"upper_bound":261.394998266668},"point_estimate":261.23788459261834,"standard_error":0.0755408102397055},"std_dev":{"confidence_interval":{"confidence_level":0.95,"lower_bound":0.5842139409460904,"upper_bound":2.6256855294196924},"point_estimate":1.6705266336481992,"standard_error":0.5837316798130688}}