{"mean":{"confidence_interval":{"confidence_level":0.95,"lower_bound":-0.05754108096824526,"upper_bound":-0.0511119453793498},"point_estimate":-0.0542360874989507,"standard_error":0.0016381802858783778},"median":{"confidence_interval":{"confidence_level":0.95,"lower_bound":-0.05605289224585711,"upper_bound":-0.05430438755923317},"point_estimate":-0.05522213857664804,"standard_error":0.00044136005554678393}}