{"mean":{"confidence_interval":{"confidence_level":0.95,"lower_bound":0.05429379675172852,"upper_bound":0.06126024143257558},"point_estimate":0.057811861051960234,"standard_error":0.0017769733051841907},"median":{"confidence_interval":{"confidence_level":0.95,"lower_bound":0.05557345279526582,"upper_bound":0.05743461023030453},"point_estimate":0.056340475313837235,"standard_error":0.0004618213131209726}}