{"mean":{"confidence_interval":{"confidence_level":0.95,"lower_bound":-0.04161229129176065,"upper_bound":-0.031593127242958687},"point_estimate":-0.03602485283394252,"standard_error":0.0025825527551726376},"median":{"confidence_interval":{"confidence_level":0.95,"lower_bound":-0.03281783645205327,"upper_bound":-0.031812850432778705},"point_estimate":-0.032230902417786034,"standard_error":0.00026029151772971886}}