{"mean":{"confidence_interval":{"confidence_level":0.95,"lower_bound":-0.004321157286634783,"upper_bound":0.0036438388649726867},"point_estimate":0.0002424771418498839,"standard_error":0.002052530887908033},"median":{"confidence_interval":{"confidence_level":0.95,"lower_bound":0.00116784085278554,"upper_bound":0.003387080574863699},"point_estimate":0.00230492152859596,"standard_error":0.0005720701005933581}}