{"mean":{"confidence_interval":{"confidence_level":0.95,"lower_bound":-0.18603525750392913,"upper_bound":-0.1802627640088021},"point_estimate":-0.18284209971054322,"standard_error":0.0014729315998713377},"median":{"confidence_interval":{"confidence_level":0.95,"lower_bound":-0.18317202177568492,"upper_bound":-0.18127413234878587},"point_estimate":-0.18208601641557653,"standard_error":0.00047914556577157417}}