{"mean":{"confidence_interval":{"confidence_level":0.95,"lower_bound":-0.3262042000228626,"upper_bound":-0.3180263547027606},"point_estimate":-0.32199056094668754,"standard_error":0.0020631743075875185},"median":{"confidence_interval":{"confidence_level":0.95,"lower_bound":-0.3228908684214338,"upper_bound":-0.3217265971002592},"point_estimate":-0.3222195946206332,"standard_error":0.00027509258740290415}}