{"mean":{"confidence_interval":{"confidence_level":0.95,"lower_bound":908.1608167839421,"upper_bound":911.821222660706},"point_estimate":909.8366107771353,"standard_error":0.9387103592766324},"median":{"confidence_interval":{"confidence_level":0.95,"lower_bound":906.6282597402598,"upper_bound":908.3424294153751},"point_estimate":907.3039851034187,"standard_error":0.46919992180492426},"median_abs_dev":{"confidence_interval":{"confidence_level":0.95,"lower_bound":2.308306287534852,"upper_bound":4.265426004273564},"point_estimate":3.2927274434917373,"standard_error":0.5034873739731096},"slope":{"confidence_interval":{"confidence_level":0.95,"lower_bound":907.5459309333489,"upper_bound":909.4314807364411},"point_estimate":908.4247187091418,"standard_error":0.4801677074666271},"std_dev":{"confidence_interval":{"confidence_level":0.95,"lower_bound":5.458767938023502,"upper_bound":12.783103526970603},"point_estimate":9.400222333755545,"standard_error":1.879523868523657}}