{"mean":{"confidence_interval":{"confidence_level":0.95,"lower_bound":-0.38410240330308426,"upper_bound":-0.3795641794593612},"point_estimate":-0.3814881068868341,"standard_error":0.0011687808306230713},"median":{"confidence_interval":{"confidence_level":0.95,"lower_bound":-0.38101131019663637,"upper_bound":-0.38044372817090966},"point_estimate":-0.38071508868102133,"standard_error":0.00015021167687471112}}