{"mean":{"confidence_interval":{"confidence_level":0.95,"lower_bound":0.039180819905405,"upper_bound":0.043444530149782924},"point_estimate":0.04118698585393776,"standard_error":0.0011224278494082736},"median":{"confidence_interval":{"confidence_level":0.95,"lower_bound":0.039050137952448605,"upper_bound":0.03993663844443347},"point_estimate":0.03950935193855476,"standard_error":0.00021988483088829165}}