{"mean":{"confidence_interval":{"confidence_level":0.95,"lower_bound":2914.5379654173116,"upper_bound":2923.4552970092236},"point_estimate":2918.746935664765,"standard_error":2.272914596768231},"median":{"confidence_interval":{"confidence_level":0.95,"lower_bound":2912.369776108665,"upper_bound":2918.0795612184265},"point_estimate":2915.657994249499,"standard_error":1.3567049635090191},"median_abs_dev":{"confidence_interval":{"confidence_level":0.95,"lower_bound":9.037144338225506,"upper_bound":15.53944552022284},"point_estimate":12.226358025362778,"standard_error":1.697315221662385},"slope":{"confidence_interval":{"confidence_level":0.95,"lower_bound":2916.1594341542173,"upper_bound":2920.7676120426186},"point_estimate":2918.3769035202026,"standard_error":1.1791553276066784},"std_dev":{"confidence_interval":{"confidence_level":0.95,"lower_bound":15.226855013750127,"upper_bound":30.057366073559542},"point_estimate":22.85884025992793,"standard_error":3.824963877229349}}