{"mean":{"confidence_interval":{"confidence_level":0.95,"lower_bound":0.05519106306168312,"upper_bound":0.061093241508139114},"point_estimate":0.05829471753293691,"standard_error":0.0015137139471384958},"median":{"confidence_interval":{"confidence_level":0.95,"lower_bound":0.05717120525206565,"upper_bound":0.06118768133571417},"point_estimate":0.05907793156053609,"standard_error":0.0010316892350787125}}