{"mean":{"confidence_interval":{"confidence_level":0.95,"lower_bound":0.019731396445632144,"upper_bound":0.02610505382031742},"point_estimate":0.02296991193834974,"standard_error":0.0016268466885829356},"median":{"confidence_interval":{"confidence_level":0.95,"lower_bound":0.0224742707022636,"upper_bound":0.023376070308341518},"point_estimate":0.02285476022465449,"standard_error":0.00022589331806380382}}