{"mean":{"confidence_interval":{"confidence_level":0.95,"lower_bound":0.041685661125229284,"upper_bound":0.05202092684564738},"point_estimate":0.047392110701803825,"standard_error":0.0026555042924781874},"median":{"confidence_interval":{"confidence_level":0.95,"lower_bound":0.049590210288753545,"upper_bound":0.05102177854611978},"point_estimate":0.05015561286577919,"standard_error":0.00033852460450526647}}