{"mean":{"confidence_interval":{"confidence_level":0.95,"lower_bound":-0.11492293671749773,"upper_bound":-0.10888774468002124},"point_estimate":-0.11173367314283522,"standard_error":0.0015363753779982804},"median":{"confidence_interval":{"confidence_level":0.95,"lower_bound":-0.11227088749066616,"upper_bound":-0.11041672496740307},"point_estimate":-0.11085918871513523,"standard_error":0.000496044488634982}}