{"mean":{"confidence_interval":{"confidence_level":0.95,"lower_bound":0.07346863168611822,"upper_bound":0.08226095560559839},"point_estimate":0.07837036321948165,"standard_error":0.0022682126032453243},"median":{"confidence_interval":{"confidence_level":0.95,"lower_bound":0.08025483739791572,"upper_bound":0.08135205736385731},"point_estimate":0.08083444714869104,"standard_error":0.00028235409283852383}}