{"mean":{"confidence_interval":{"confidence_level":0.95,"lower_bound":544.3044437726427,"upper_bound":547.3872790254064},"point_estimate":545.5533832937166,"standard_error":0.8061227481021677},"median":{"confidence_interval":{"confidence_level":0.95,"lower_bound":543.847664005407,"upper_bound":544.3169937474108},"point_estimate":544.0727470765901,"standard_error":0.14306608112972885},"median_abs_dev":{"confidence_interval":{"confidence_level":0.95,"lower_bound":0.8462384822506933,"upper_bound":1.6195526472035902},"point_estimate":1.1456689286137858,"standard_error":0.2020403816195171},"slope":{"confidence_interval":{"confidence_level":0.95,"lower_bound":543.9371223603907,"upper_bound":544.8005717088433},"point_estimate":544.330763730729,"standard_error":0.22122623064237446},"std_dev":{"confidence_interval":{"confidence_level":0.95,"lower_bound":1.8543644299366087,"upper_bound":13.158733586426468},"point_estimate":8.127800645228946,"standard_error":3.2068443288797703}}