{"mean":{"confidence_interval":{"confidence_level":0.95,"lower_bound":62.09995456203928,"upper_bound":62.53438164979866},"point_estimate":62.27784338465268,"standard_error":0.11379757484460666},"median":{"confidence_interval":{"confidence_level":0.95,"lower_bound":62.050740324149544,"upper_bound":62.09764547278655},"point_estimate":62.07286939026466,"standard_error":0.012269091221027961},"median_abs_dev":{"confidence_interval":{"confidence_level":0.95,"lower_bound":0.08553683351971565,"upper_bound":0.180015651440008},"point_estimate":0.1428011947314761,"standard_error":0.02523841328853461},"slope":{"confidence_interval":{"confidence_level":0.95,"lower_bound":62.03931440574021,"upper_bound":62.158713634054},"point_estimate":62.09385240430987,"standard_error":0.03055142968709009},"std_dev":{"confidence_interval":{"confidence_level":0.95,"lower_bound":0.30364879742948175,"upper_bound":1.8357076789703461},"point_estimate":1.1416387156778727,"standard_error":0.4418792019816328}}