{"mean":{"confidence_interval":{"confidence_level":0.95,"lower_bound":0.06894436834852707,"upper_bound":0.07527516424143113},"point_estimate":0.0726521898493433,"standard_error":0.001643738610722772},"median":{"confidence_interval":{"confidence_level":0.95,"lower_bound":0.07370501280982733,"upper_bound":0.07506002464417261},"point_estimate":0.07443636285112554,"standard_error":0.0003523022893096838}}