{"mean":{"confidence_interval":{"confidence_level":0.95,"lower_bound":106.44719061354293,"upper_bound":107.54860940319537},"point_estimate":107.04554686852474,"standard_error":0.28260128069038},"median":{"confidence_interval":{"confidence_level":0.95,"lower_bound":107.19789608728013,"upper_bound":107.47058416751409},"point_estimate":107.29714874688477,"standard_error":0.06499599635610619}}