{"mean":{"confidence_interval":{"confidence_level":0.95,"lower_bound":-0.07313351065439196,"upper_bound":-0.06530166641555374},"point_estimate":-0.06872207943737207,"standard_error":0.0020252248065578617},"median":{"confidence_interval":{"confidence_level":0.95,"lower_bound":-0.06815934322421517,"upper_bound":-0.06626489308977945},"point_estimate":-0.06731171096408228,"standard_error":0.0004769913843418052}}