{"mean":{"confidence_interval":{"confidence_level":0.95,"lower_bound":0.07098391134380064,"upper_bound":0.07797050673135289},"point_estimate":0.07479555671311444,"standard_error":0.0017963228797070784},"median":{"confidence_interval":{"confidence_level":0.95,"lower_bound":0.07495264069877505,"upper_bound":0.07687162656805024},"point_estimate":0.07585847429339743,"standard_error":0.0005002652833580334}}