{"mean":{"confidence_interval":{"confidence_level":0.95,"lower_bound":-0.027033674468729306,"upper_bound":-0.018802263885003234},"point_estimate":-0.022448212926915012,"standard_error":0.0021205447876668873},"median":{"confidence_interval":{"confidence_level":0.95,"lower_bound":-0.019961218237345646,"upper_bound":-0.018918539981568894},"point_estimate":-0.019483010139709767,"standard_error":0.0002740739295704559}}