{"mean":{"confidence_interval":{"confidence_level":0.95,"lower_bound":-0.41120937272127017,"upper_bound":-0.40533940877225483},"point_estimate":-0.4079674011308101,"standard_error":0.0015092666612951952},"median":{"confidence_interval":{"confidence_level":0.95,"lower_bound":-0.40709361607193356,"upper_bound":-0.40611839468771227},"point_estimate":-0.40669629717878175,"standard_error":0.00023141725135708322}}