{"mean":{"confidence_interval":{"confidence_level":0.95,"lower_bound":0.017556962676004807,"upper_bound":0.022104969794680563},"point_estimate":0.0199496335414846,"standard_error":0.0011493025368198681},"median":{"confidence_interval":{"confidence_level":0.95,"lower_bound":0.01876809957095693,"upper_bound":0.01998778752922825},"point_estimate":0.01944355081228233,"standard_error":0.0002996140676759266}}