{"mean":{"confidence_interval":{"confidence_level":0.95,"lower_bound":-0.005457405791871896,"upper_bound":0.003234378775892232},"point_estimate":-0.0007369426406931279,"standard_error":0.002224412548316203},"median":{"confidence_interval":{"confidence_level":0.95,"lower_bound":-0.0017449091204442269,"upper_bound":0.004151317143430024},"point_estimate":0.0006122846299181361,"standard_error":0.0013997190442169133}}