{"mean":{"confidence_interval":{"confidence_level":0.95,"lower_bound":0.027444089902586156,"upper_bound":0.0356770991863301},"point_estimate":0.032082549323454224,"standard_error":0.002111977821495463},"median":{"confidence_interval":{"confidence_level":0.95,"lower_bound":0.034028444207609275,"upper_bound":0.03496611731114663},"point_estimate":0.03456685085418054,"standard_error":0.0002227260167417445}}