{"mean":{"confidence_interval":{"confidence_level":0.95,"lower_bound":0.006588493450698557,"upper_bound":0.012753622940238418},"point_estimate":0.009798902205324422,"standard_error":0.001566375440601073},"median":{"confidence_interval":{"confidence_level":0.95,"lower_bound":0.009263298731011504,"upper_bound":0.010043873238037682},"point_estimate":0.009685095975256353,"standard_error":0.00019653734174532536}}