{"mean":{"confidence_interval":{"confidence_level":0.95,"lower_bound":-0.3003414499074715,"upper_bound":-0.2934129635461261},"point_estimate":-0.29678622164638235,"standard_error":0.0017542377976473818},"median":{"confidence_interval":{"confidence_level":0.95,"lower_bound":-0.29722734726802347,"upper_bound":-0.29662503702859133},"point_estimate":-0.29690381466175664,"standard_error":0.00015352749871130726}}