{"mean":{"confidence_interval":{"confidence_level":0.95,"lower_bound":-0.03379081175262444,"upper_bound":-0.02646488451418072},"point_estimate":-0.029740186157771853,"standard_error":0.001880940370253347},"median":{"confidence_interval":{"confidence_level":0.95,"lower_bound":-0.029387997664352294,"upper_bound":-0.02797276731689069},"point_estimate":-0.02857708271227366,"standard_error":0.00039886954007563606}}