{"mean":{"confidence_interval":{"confidence_level":0.95,"lower_bound":-0.3796195502198959,"upper_bound":-0.37336314519761377},"point_estimate":-0.37609854940319765,"standard_error":0.0016123361613264663},"median":{"confidence_interval":{"confidence_level":0.95,"lower_bound":-0.37369915245149377,"upper_bound":-0.372862373857511},"point_estimate":-0.373257105297097,"standard_error":0.0002006764089495402}}