{"mean":{"confidence_interval":{"confidence_level":0.95,"lower_bound":-0.060612717009619725,"upper_bound":-0.04709997928204203},"point_estimate":-0.05264738536820557,"standard_error":0.0035254312787634545},"median":{"confidence_interval":{"confidence_level":0.95,"lower_bound":-0.05087427503370601,"upper_bound":-0.04856779993469429},"point_estimate":-0.049639608413291514,"standard_error":0.0005265274023087946}}