{"mean":{"confidence_interval":{"confidence_level":0.95,"lower_bound":0.010846805473637823,"upper_bound":0.020805091008749933},"point_estimate":0.016175003730550808,"standard_error":0.0025377346841669113},"median":{"confidence_interval":{"confidence_level":0.95,"lower_bound":0.014895191410607023,"upper_bound":0.01824612093733835},"point_estimate":0.016769287516414932,"standard_error":0.0008269144767768576}}