{"mean":{"confidence_interval":{"confidence_level":0.95,"lower_bound":0.20047609979269126,"upper_bound":0.20665154441983735},"point_estimate":0.20365572864795545,"standard_error":0.001578902545056589},"median":{"confidence_interval":{"confidence_level":0.95,"lower_bound":0.20097409053926274,"upper_bound":0.20519821921380843},"point_estimate":0.2035545655055937,"standard_error":0.001105349931915471}}