{"mean":{"confidence_interval":{"confidence_level":0.95,"lower_bound":3.6425169935157875,"upper_bound":3.6665035544632136},"point_estimate":3.652226037512686,"standard_error":0.00627370474480529},"median":{"confidence_interval":{"confidence_level":0.95,"lower_bound":3.6355165634522755,"upper_bound":3.647978920830006},"point_estimate":3.6417224229168714,"standard_error":0.0030228306819251273},"median_abs_dev":{"confidence_interval":{"confidence_level":0.95,"lower_bound":0.016990391837688086,"upper_bound":0.028379546555803593},"point_estimate":0.02225109081568582,"standard_error":0.0028333539292688227},"slope":{"confidence_interval":{"confidence_level":0.95,"lower_bound":3.640555436878006,"upper_bound":3.6479342947873628},"point_estimate":3.6441955156507655,"standard_error":0.0018793556923212805},"std_dev":{"confidence_interval":{"confidence_level":0.95,"lower_bound":0.02100649720941102,"upper_bound":0.10210542209962249},"point_estimate":0.06318043702566759,"standard_error":0.02551777841278493}}