{"mean":{"confidence_interval":{"confidence_level":0.95,"lower_bound":-0.14626868356727377,"upper_bound":-0.1412303021641882},"point_estimate":-0.14360420021319753,"standard_error":0.0012830306228081643},"median":{"confidence_interval":{"confidence_level":0.95,"lower_bound":-0.14347194567543686,"upper_bound":-0.1423569123373336},"point_estimate":-0.14279650117720788,"standard_error":0.0002580540737500243}}