{"mean":{"confidence_interval":{"confidence_level":0.95,"lower_bound":0.013118623635316346,"upper_bound":0.019110521528060885},"point_estimate":0.016317538447097046,"standard_error":0.001530853260044173},"median":{"confidence_interval":{"confidence_level":0.95,"lower_bound":0.01681114467452005,"upper_bound":0.017915179904954615},"point_estimate":0.01749522799487857,"standard_error":0.00030253853667182946}}