{"mean":{"confidence_interval":{"confidence_level":0.95,"lower_bound":-0.2982295212085043,"upper_bound":-0.2948930256809469},"point_estimate":-0.29645776876606444,"standard_error":0.000845684290513387},"median":{"confidence_interval":{"confidence_level":0.95,"lower_bound":-0.29676765644341596,"upper_bound":-0.29596944016337345},"point_estimate":-0.2964496370071136,"standard_error":0.00020044345406346369}}