{"mean":{"confidence_interval":{"confidence_level":0.95,"lower_bound":0.12426286214571296,"upper_bound":0.13439749923880823},"point_estimate":0.12987126476735966,"standard_error":0.002604689783538945},"median":{"confidence_interval":{"confidence_level":0.95,"lower_bound":0.1297268217188321,"upper_bound":0.1346764008443988},"point_estimate":0.13080454073377545,"standard_error":0.001271630086829484}}