{"mean":{"confidence_interval":{"confidence_level":0.95,"lower_bound":729.7473062014753,"upper_bound":731.6325475777254},"point_estimate":730.5872419126354,"standard_error":0.48520016794649445},"median":{"confidence_interval":{"confidence_level":0.95,"lower_bound":729.2885370789191,"upper_bound":729.9964944649447},"point_estimate":729.6287742359352,"standard_error":0.2020781201964726},"median_abs_dev":{"confidence_interval":{"confidence_level":0.95,"lower_bound":1.1444046778959613,"upper_bound":1.9612269017489117},"point_estimate":1.451285632658568,"standard_error":0.20145367307717776},"slope":{"confidence_interval":{"confidence_level":0.95,"lower_bound":729.3706300687643,"upper_bound":730.5329127883493},"point_estimate":729.9450745919665,"standard_error":0.29676565090850643},"std_dev":{"confidence_interval":{"confidence_level":0.95,"lower_bound":2.2648996276852693,"upper_bound":7.301060114964562},"point_estimate":4.874698867220834,"standard_error":1.3880462467446173}}