{"mean":{"confidence_interval":{"confidence_level":0.95,"lower_bound":-0.09361008213561874,"upper_bound":-0.0879376267073511},"point_estimate":-0.0904363380384926,"standard_error":0.0014592921366757927},"median":{"confidence_interval":{"confidence_level":0.95,"lower_bound":-0.0897531150344284,"upper_bound":-0.08857305407081156},"point_estimate":-0.08935871668047435,"standard_error":0.00032013520181446817}}