{"mean":{"confidence_interval":{"confidence_level":0.95,"lower_bound":1562.9832684816456,"upper_bound":1571.6410112944216},"point_estimate":1566.281407446798,"standard_error":2.322115697217894},"median":{"confidence_interval":{"confidence_level":0.95,"lower_bound":1561.2457392764964,"upper_bound":1562.9110652754187},"point_estimate":1561.9688358603848,"standard_error":0.3896049469096877},"median_abs_dev":{"confidence_interval":{"confidence_level":0.95,"lower_bound":2.354929825762486,"upper_bound":4.253177064036945},"point_estimate":3.0137619704545373,"standard_error":0.49137812141026693},"slope":{"confidence_interval":{"confidence_level":0.95,"lower_bound":1561.6712207486082,"upper_bound":1563.0562937902052},"point_estimate":1562.3235722533598,"standard_error":0.3544520626982585},"std_dev":{"confidence_interval":{"confidence_level":0.95,"lower_bound":4.8431459706201165,"upper_bound":38.702668169413556},"point_estimate":23.284129970339976,"standard_error":10.852392460750725}}