{"mean":{"confidence_interval":{"confidence_level":0.95,"lower_bound":94.19208399127268,"upper_bound":94.64669899980493},"point_estimate":94.38857188854257,"standard_error":0.11702547035392952},"median":{"confidence_interval":{"confidence_level":0.95,"lower_bound":94.13400914720609,"upper_bound":94.21816641472883},"point_estimate":94.18109284985924,"standard_error":0.023477515386398747},"median_abs_dev":{"confidence_interval":{"confidence_level":0.95,"lower_bound":0.14643708553238127,"upper_bound":0.24020309508993998},"point_estimate":0.205774000312293,"standard_error":0.02521511300424126},"slope":{"confidence_interval":{"confidence_level":0.95,"lower_bound":94.16258935875261,"upper_bound":94.23888009277532},"point_estimate":94.20039716897627,"standard_error":0.01947855116770588},"std_dev":{"confidence_interval":{"confidence_level":0.95,"lower_bound":0.33313594769680865,"upper_bound":1.7680134035310762},"point_estimate":1.174122632316557,"standard_error":0.36184125389674987}}