{"mean":{"confidence_interval":{"confidence_level":0.95,"lower_bound":0.07224523615470299,"upper_bound":0.077990040610581},"point_estimate":0.07553621315781833,"standard_error":0.001480711442826462},"median":{"confidence_interval":{"confidence_level":0.95,"lower_bound":0.0755380376425982,"upper_bound":0.07720326590903803},"point_estimate":0.07634275276166713,"standard_error":0.00044633911898233193}}