{"mean":{"confidence_interval":{"confidence_level":0.95,"lower_bound":-0.9762853610057973,"upper_bound":-0.9758143502039869},"point_estimate":-0.9760547841087278,"standard_error":0.00012002107727043459},"median":{"confidence_interval":{"confidence_level":0.95,"lower_bound":-0.9764551226236312,"upper_bound":-0.9760285241779821},"point_estimate":-0.9762136736574912,"standard_error":0.00011482030389613258}}