{"mean":{"confidence_interval":{"confidence_level":0.95,"lower_bound":-0.06402423747201515,"upper_bound":-0.05831182446822426},"point_estimate":-0.06085471299154688,"standard_error":0.001461241154214659},"median":{"confidence_interval":{"confidence_level":0.95,"lower_bound":-0.060193987766160806,"upper_bound":-0.057982515140389435},"point_estimate":-0.059270183756299,"standard_error":0.000557967883518054}}