{"mean":{"confidence_interval":{"confidence_level":0.95,"lower_bound":-0.054673452410725486,"upper_bound":-0.04641475787178817},"point_estimate":-0.05016525648632797,"standard_error":0.00212645977355685},"median":{"confidence_interval":{"confidence_level":0.95,"lower_bound":-0.04814162425384605,"upper_bound":-0.046574938771959506},"point_estimate":-0.047350500572099,"standard_error":0.00041872622881041876}}